timestamp,sensor1,sensor2,sensor1_smooth,sensor2_smooth,sensor1_smooth_rot,sensor2_smooth_rot,rotation_angle_deg
187345.0,5166.66,37.666008,5159.204,37.6696233,5145.755256050006,37.75008248572621,53.3
187395.0,5151.45,37.670025,5158.103,37.6696233,5145.106983779793,37.757638223178084,53.3
187445.0,5157.21,37.666008,5157.946,37.6692216,5144.98553202092,37.75841835323031,53.3
187495.0,5156.16,37.666008,5157.998,37.668819899999995,5144.989012902767,37.75775195727944,53.3
187545.0,5154.06,37.670025,5157.211,37.6688199,5144.528139675203,37.76312952680078,53.3
187595.0,5160.88,37.670025,5157.839999999999,37.6688199,5144.91367802527,37.7587083813471,53.3
187645.0,5161.93,37.666008,5157.735,37.668418200000005,5144.823237679091,37.75912762074713,53.3
187695.0,5163.51,37.666008,5158.2080000000005,37.6680165,5145.078379611278,37.755548150707405,53.3
187745.0,5166.13,37.666008,5159.205,37.667614799999996,5145.64698836374,37.74834646817466,53.3
187795.0,5161.93,37.670025,5159.992,37.667614799999996,5146.127619785476,37.74284268086221,53.3
187845.0,5158.78,37.670025,5159.204,37.6680165,5145.704017253687,37.74847783287126,53.3
187895.0,5160.35,37.670025,5160.093999999999,37.6680165,5146.246176500592,37.74226185427412,53.3
187945.0,5159.83,37.670025,5160.356000000001,37.668418200000005,5146.450366219323,37.740634728584304,53.3
187995.0,5160.88,37.670025,5160.828,37.6688199,5146.780154924983,37.73755652464576,53.3
188045.0,5154.59,37.666008,5160.880999999999,37.668418200000005,5146.784959015763,37.73689888465603,53.3
188095.0,5161.93,37.670025,5160.985999999999,37.668418200000005,5146.858159242554,37.736121960105535,53.3
188145.0,5153.02,37.670025,5160.094999999999,37.6688199,5146.373120879253,37.74247541026585,53.3
188195.0,5161.4,37.670025,5159.884,37.6692216,5146.29436245829,37.7441207772872,53.3
188245.0,5160.35,37.666008,5159.306,37.6692216,5145.958785466168,37.74806371533095,53.3
188295.0,5156.16,37.666008,5158.728999999999,37.668819899999995,5145.586344155315,37.75175668823291,53.3
188345.0,5159.83,37.666008,5158.834000000001,37.6684182,5145.621527501577,37.75072911787159,53.3
188395.0,5163.51,37.666008,5159.150000000001,37.6680165,5145.782916436127,37.74824250948525,53.3
188445.0,5168.77,37.666008,5160.044,37.667614799999996,5146.290010161891,37.74175929545475,53.3
188495.0,5161.4,37.666008,5160.096,37.66721309999999,5146.293931424247,37.741104934479566,53.3
188545.0,5151.97,37.666008,5159.834000000001,37.66721309999999,5146.1474099106035,37.7428630087494,53.3
188595.0,5161.93,37.670025,5159.834000000001,37.6672131,5146.157451429378,37.74280750624849,53.3
188645.0,5155.11,37.661991,5160.043,37.6664097,5146.217890581895,37.74082600352104,53.3
188695.0,5161.4,37.565586,5160.043,37.655965800000004,5145.258857802129,37.73452687015606,53.3
188745.0,5127.5,37.441254,5156.758,37.63349040000001,5141.219866959918,37.74375417935407,53.3
188795.0,5131.65,37.441254,5154.307,37.611014999999995,5137.680084216123,37.74718933121602,53.3
188845.0,5122.32,37.437252,5150.5560000000005,37.5881394,5133.326656042937,37.75935881798559,53.3
188895.0,5126.46,37.441254,5146.851,37.565664000000005,5129.038300370609,37.77142388845338,53.3
188945.0,5136.84,37.441254,5143.658,37.54318860000001,5125.056495452817,37.77992219538563,53.3
188995.0,5131.65,37.441254,5140.682999999999,37.5207132,5121.205602237178,37.78689006261411,53.3
189045.0,5122.32,37.433243,5137.718,37.4974367,5117.286976411677,37.79328844575114,53.3
189095.0,5134.77,37.441254,5135.001999999999,37.4745596,5113.554979144724,37.79818176917025,53.3
189145.0,5129.57,37.441254,5132.448,37.452485900000006,5109.995126011727,37.802414814053904,53.3
189195.0,5128.54,37.441254,5129.162,37.4400527,5106.892929540155,37.817456620845775,53.3
189245.0,5129.06,37.437252,5129.317999999999,37.4396525,5106.96525107996,37.815863954764005,53.3
189295.0,5128.02,37.437252,5128.955,37.4392523,5106.727302473764,37.817862449152294,53.3
189345.0,5136.84,37.433243,5130.406999999999,37.4388514,5107.574406058419,37.80730401810525,53.3
189395.0,5130.61,37.437252,5130.822,37.438451199999996,5107.801961364763,37.80392684729723,53.3
189445.0,5126.46,37.433243,5129.784,37.4376501,5107.123664841488,37.81036322169424,53.3
189495.0,5120.26,37.433243,5128.645,37.436849,5106.384706385627,37.81749320314894,53.3
189545.0,5136.84,37.429237,5130.097,37.4364484,5107.231813403274,37.80693425411888,53.3
189595.0,5123.36,37.433243,5128.956,37.43564730000001,5106.491783909262,37.81408007962926,53.3
189645.0,5124.39,37.441254,5128.438,37.43564730000001,5106.1982948533,37.81738983716057,53.3
189695.0,5127.5,37.453274,5128.334000000001,37.436849300000006,5106.26371217199,37.818552311058724,53.3
189745.0,5134.77,37.469311,5128.905000000001,37.4400552,5106.918546368018,37.81624395350249,53.3
189795.0,5138.41,37.481339,5129.944,37.4444639,5107.964750367661,37.81142161114658,53.3
189845.0,5144.66,37.489361,5130.726000000001,37.4500757,5108.968918837636,37.809103226532585,53.3
189895.0,5129.57,37.49337,5130.622000000001,37.45568750000001,5109.44316352313,37.812919532995494,53.3
189945.0,5142.05,37.49337,5132.1810000000005,37.46170020000001,5110.948515999123,37.805473417487796,53.3
189995.0,5141.53,37.49337,5134.308,37.4677129,5112.79351144233,37.794108081713176,53.3
190045.0,5136.84,37.49337,5134.308,37.4741262,5113.404109780807,37.79770820561493,53.3
190095.0,5138.41,37.489361,5135.813,37.47973800000001,5114.8397417959,37.79042061501138,53.3
190145.0,5137.36,37.485348,5137.110000000001,37.4841474,5116.0394660558595,37.78386232447616,53.3
190195.0,5121.81,37.481339,5136.541,37.486953899999996,5115.974796027133,37.789261518889276,53.3
190245.0,5124.91,37.477329,5135.555,37.4877557,5115.474391400146,37.796344930819565,53.3
190295.0,5138.93,37.481339,5135.607,37.4877557,5115.519856978721,37.79576433154162,53.3
190345.0,5136.32,37.477329,5134.772999999999,37.4865525,5114.92391094132,37.80059372037836,53.3
190395.0,5128.02,37.477329,5134.618,37.48494839999999,5114.696564432159,37.80048233187332,53.3
190445.0,5129.06,37.47332,5133.319,37.482943399999996,5113.748044513972,37.808043858554306,53.3
190495.0,5131.13,37.47332,5132.2789999999995,37.4809384,5112.954123745652,37.81380711121755,53.3
190545.0,5115.09,37.47332,5130.104000000001,37.4789334,5111.4813873241255,37.82741626723515,53.3
190595.0,5123.36,37.47332,5128.599,37.477329299999994,5110.445944883474,37.83661949884981,53.3
190645.0,5122.84,37.47332,5127.147,37.4761265,5109.4790882360185,37.84568853367561,53.3
190695.0,5124.39,37.47332,5127.405000000001,37.4753246,5109.57150908763,37.843161337200264,53.3
190745.0,5121.81,37.469311,5127.094999999999,37.4745228,5109.324434315099,37.844564717941196,53.3
190795.0,5127.5,37.47332,5125.951999999999,37.473720900000004,5108.579236580941,37.85172888639329,53.3
190845.0,5118.71,37.47332,5124.191000000001,37.47332,5107.501450961375,37.863402330497294,53.3
190895.0,5122.32,37.477329,5123.621,37.47332,5107.172486810262,37.86706842485373,53.3
190945.0,5127.5,37.481339,5123.465,37.4741219,5107.165293919934,37.86834775738613,53.3
190995.0,5123.88,37.485348,5122.74,37.4753247,5106.854979546454,37.87380268344754,53.3
191045.0,5135.8,37.49337,5124.811,37.4773297,5108.290563642102,37.86039323049037,53.3
191095.0,5127.5,37.501392,5125.225,37.480136900000005,5108.8102959083735,37.85893675489191,53.3
191145.0,5122.32,37.509415,5125.173000000001,37.4837464,5109.125772059695,37.8611867257481,53.3
191195.0,5128.54,37.517433,5125.588000000001,37.4881577,5109.794610671247,37.86068679250715,53.3
191245.0,5127.5,37.525455,5126.157,37.4937721,5110.666987007287,37.85984456780821,53.3
191295.0,5128.54,37.525455,5126.261,37.498985600000005,5111.223910524597,37.86198400626048,53.3
191345.0,5131.65,37.521446,5127.555,37.503798200000006,5112.454815466513,37.85565429256249,53.3
191395.0,5135.29,37.525455,5128.852000000001,37.5086108,5113.6875510891805,37.84931185363873,53.3
191445.0,5126.98,37.517433,5128.8,37.5122202,5114.00208951247,37.85158972352116,53.3
191495.0,5129.57,37.517433,5129.369,37.515428699999994,5114.650460379893,37.84933323689886,53.3
191545.0,5136.32,37.513424,5129.421,37.517434099999996,5114.878002472267,37.84993775892352,53.3
191595.0,5133.73,37.513424,5130.044,37.5186373,5115.372375568965,37.846113898225155,53.3
191645.0,5129.06,37.513424,5130.717999999999,37.5190382,5115.822871863842,37.841461235689266,53.3
191695.0,5124.39,37.517433,5130.303,37.5190382,5115.585192966495,37.84410573734346,53.3
191745.0,5121.81,37.513424,5129.7339999999995,37.5178351,5115.143657349224,37.84709449816866,53.3
191795.0,5115.09,37.509415,5128.389,37.51623109999999,5114.200845864944,37.85520876944443,53.3
191845.0,5125.43,37.509415,5127.767000000001,37.515027999999994,5113.727235935304,37.85855474105325,53.3
191895.0,5124.91,37.509415,5126.728999999999,37.513424,5112.967582600859,37.86453568351642,53.3
191945.0,5121.29,37.505398,5126.16,37.5122205,5112.525312419564,37.86750663880889,53.3
191995.0,5126.98,37.505398,5125.901000000001,37.511017,5112.268297973014,37.86833041867293,53.3
192045.0,5127.5,37.505398,5125.019,37.5102144,5111.675983495358,37.87370227659362,53.3
192095.0,5128.02,37.505398,5124.448000000001,37.5094118,5111.269409104706,37.87691865137436,53.3
192145.0,5125.43,37.505398,5124.085,37.5086092,5110.987078028746,37.8786935556804,53.3
192195.0,5129.06,37.501392,5124.552,37.5070051,5111.126566633986,37.87424606752624,53.3
192245.0,5121.81,37.501392,5124.552,37.5058019,5111.024258599398,37.87327092897102,53.3
192295.0,5117.16,37.501392,5124.759,37.504999600000005,5111.082985193147,37.87110357872563,53.3
192345.0,5129.57,37.501392,5125.173000000001,37.5041973,5111.265574602134,37.86750542298672,53.3
192395.0,5125.43,37.501392,5125.225,37.503395,5111.231876572958,37.86641353878081,53.3
192445.0,5122.32,37.509415,5125.3279999999995,37.503796699999995,5111.340456110586,37.86568911289696,53.3
192495.0,5126.46,37.509415,5125.276,37.50419839999999,5111.35634985178,37.86603786423518,53.3
192545.0,5123.36,37.509415,5124.862,37.5046001,5111.155748490973,37.868890983094424,53.3
192595.0,5122.84,37.513424,5124.344,37.5054027,5110.930014371043,37.872701704558985,53.3
192645.0,5124.39,37.509415,5124.24,37.5058044,5110.914399831032,37.873406947205375,53.3
192695.0,5131.13,37.501392,5124.446999999999,37.5058044,5111.0473877463255,37.87172061409541,53.3
192745.0,5130.09,37.501392,5125.275,37.5058044,5111.551718448681,37.865739809728176,53.3
192795.0,5129.06,37.505398,5126.464999999999,37.506205,5112.309883201407,37.85749866822776,53.3
192845.0,5134.25,37.505398,5126.933,37.5066056,5112.6366534346525,37.85425815489289,53.3
192895.0,5132.69,37.505398,5127.659000000001,37.5070062,5113.117773248771,37.84923558387362,53.3
192945.0,5128.54,37.509415,5128.281000000001,37.5070062,5113.499697127369,37.84469682511388,53.3
192995.0,5132.17,37.505398,5128.852,37.5066045,5113.814008289935,37.840273974626896,53.3
193045.0,5136.32,37.505398,5130.148,37.506202800000004,5114.561968234732,37.83083879738902,53.3
193095.0,5142.05,37.509415,5132.069,37.5058019,5115.68406100211,37.81708697216027,53.3
193145.0,5134.25,37.505398,5133.055,37.5054002,5116.247582961471,37.80981195345285,53.3
193195.0,5130.61,37.505398,5133.003,37.5058008,5116.26521966838,37.81020197049656,53.3
193245.0,5135.8,37.509415,5133.5740000000005,37.5066031,5116.69257148254,37.80652264729252,53.3
193295.0,5136.84,37.505398,5134.352000000001,37.5066031,5117.16932513457,37.800934900214855,53.3
193345.0,5136.32,37.501392,5134.559,37.50620250000001,5117.267699608453,37.79906156163643,53.3
193395.0,5141.53,37.505398,5135.443,37.50620250000001,5117.808095508949,37.79274566369322,53.3
193445.0,5134.77,37.505398,5136.066000000001,37.5058008,5118.155388100975,37.787999548070154,53.3
193495.0,5132.69,37.505398,5136.118,37.5058008,5118.198738075688,37.78744667721268,53.3
193545.0,5136.84,37.501392,5136.17,37.505400200000004,5118.204909343985,37.786654797576055,53.3
193595.0,5139.45,37.501392,5135.909999999999,37.5045979,5117.987280349071,37.787781440540506,53.3
193645.0,5134.77,37.501392,5135.9619999999995,37.5041973,5117.993437180793,37.78698877357685,53.3
193695.0,5132.17,37.505398,5136.1179999999995,37.5041973,5118.098974781057,37.785716590812086,53.3
193745.0,5131.13,37.505398,5135.651,37.503795600000004,5117.794768566178,37.78851491927393,53.3
193795.0,5139.97,37.505398,5135.964,37.503795600000004,5117.9940830250225,37.78615561483946,53.3
193845.0,5136.84,37.513424,5136.0160000000005,37.504998799999996,5118.14907379188,37.786322946359626,53.3
193895.0,5133.21,37.517433,5135.184,37.5062023,5117.775471231966,37.79260649355799,53.3
193945.0,5145.18,37.521446,5136.225,37.507807099999994,5118.558654683685,37.78616989423498,53.3
193995.0,5148.83,37.525455,5137.839000000001,37.509812800000006,5119.721805397007,37.776014772100716,53.3
194045.0,5149.88,37.537495,5139.143,37.5134231,5120.848815253711,37.76897189613004,53.3
194095.0,5148.31,37.537495,5140.0289999999995,37.51703339999999,5121.726015328437,37.76482795250665,53.3
194145.0,5137.36,37.541512,5140.288,37.5210454,5122.265609328279,37.76526693461073,53.3
194195.0,5143.61,37.537495,5141.432000000001,37.5242551,5123.259689493198,37.75910662276079,53.3
194245.0,5126.98,37.533482,5141.017,37.5270635,5123.284498840633,37.763497478420085,53.3
194295.0,5134.77,37.533482,5140.497,37.5298719,5123.246223031225,37.76861372690167,53.3
194345.0,5145.18,37.529469,5141.331,37.531476399999995,5123.905442055429,37.763642180777545,53.3
194395.0,5136.84,37.525455,5141.694,37.5322786,5124.2087065706055,37.76145372138139,53.3
194445.0,5146.22,37.525455,5141.798,37.53267950000001,5124.319906626455,37.76081913123378,53.3
194495.0,5135.8,37.529469,5140.495000000001,37.5330809,5123.589899390879,37.769918827481334,53.3
194545.0,5144.14,37.529469,5139.921,37.532278299999994,5123.183630595482,37.77324989949492,53.3
194595.0,5135.29,37.529469,5138.619000000001,37.5314757,5122.341972445284,37.78161437380193,53.3
194645.0,5140.49,37.533482,5138.932,37.530672700000004,5122.465562076546,37.77880046736909,53.3
194695.0,5145.7,37.529469,5139.141,37.5298701,5122.5271277056645,37.77670770755681,53.3
194745.0,5146.22,37.529469,5141.0650000000005,37.529468800000004,5123.6514181270395,37.762992005172755,53.3
194795.0,5141.53,37.529469,5141.741,37.529067500000004,5124.030064577122,37.757918657993066,53.3
194845.0,5143.61,37.533482,5141.584,37.529468800000004,5123.985339118894,37.75909087580397,53.3
194895.0,5154.59,37.529469,5143.3589999999995,37.5298702,5125.095673461384,37.74689772162685,53.3
194945.0,5132.69,37.533482,5142.005999999999,37.5306729,5124.37347114189,37.756591663314836,53.3
194995.0,5148.31,37.529469,5143.257,37.5306729,5125.1332637821115,37.747786077355144,53.3
195045.0,5153.02,37.525455,5144.1449999999995,37.530271500000005,5125.639090690303,37.74125762844238,53.3
195095.0,5131.13,37.529469,5143.729,37.530271500000005,5125.40276163075,37.74399408452154,53.3
195145.0,5137.88,37.529469,5143.467999999999,37.529870200000005,5125.221735996529,37.74541662217439,53.3
195195.0,5144.66,37.533482,5143.364,37.530271500000005,5125.209001600438,37.74623182283509,53.3
195245.0,5141.53,37.529469,5142.8949999999995,37.5302715,5124.94072495503,37.74933188101382,53.3
195295.0,5138.93,37.537495,5142.635,37.5310741,5124.871749605628,37.751464029097484,53.3
195345.0,5143.61,37.541512,5142.635,37.5318771,5124.95812830744,37.75179701499966,53.3
195395.0,5147.79,37.541512,5141.955,37.5330814,5124.675115694226,37.75707441175038,53.3
195445.0,5136.84,37.545521,5142.370000000001,37.5342853,5125.046486880943,37.754774022703465,53.3
195495.0,5138.93,37.549534,5141.432,37.5362918,5124.683413613172,37.76231564871843,53.3
195545.0,5150.92,37.545521,5141.222,37.538298399999995,5124.755225550572,37.76481762673837,53.3
195595.0,5142.57,37.545521,5142.366,37.5399036,5125.599138459042,37.75771274198708,53.3
195645.0,5150.4,37.545521,5143.618,37.541508799999995,5126.507815881091,37.749866627132945,53.3
195695.0,5145.7,37.541512,5143.722,37.54231180000001,5126.655886550566,37.74948884398704,53.3
195745.0,5144.14,37.549534,5143.983,37.5443183,5127.009478197337,37.74874541090498,53.3
195795.0,5141.53,37.549534,5144.2429999999995,37.54552219999999,5127.287919126883,37.747530942256375,53.3
195845.0,5146.22,37.549534,5144.504,37.5463244,5127.529659166083,37.74607107527457,53.3
195895.0,5134.25,37.549534,5143.15,37.5471266,5126.805809252233,37.75578499803213,53.3
195945.0,5139.45,37.553543,5143.411,37.5479288,5127.047129809676,37.75432090286227,53.3
195995.0,5147.79,37.553543,5144.297,37.5483297,5127.624896351353,37.74829485252939,53.3
196045.0,5145.18,37.55756,5143.723,37.549533600000004,5127.404459382826,37.75285320847538,53.3
196095.0,5151.97,37.549534,5144.663,37.5499349,5128.014504609799,37.746456042702675,53.3
196145.0,5150.4,37.549534,5144.6630000000005,37.5503362,5128.062743038445,37.746566173723245,53.3
196195.0,5160.35,37.549534,5146.128,37.5511384,5129.024057279201,37.736781713372075,53.3
196245.0,5144.66,37.553543,5146.18,37.5515393,5129.1036348482085,37.736539226408446,53.3
196295.0,5144.66,37.549534,5146.493,37.5515393,5129.302031208389,37.73425200482161,53.3
196345.0,5143.09,37.549534,5146.18,37.5515393,5129.12621631964,37.73629691207767,53.3
196395.0,5147.79,37.553543,5147.534000000001,37.551940200000004,5129.984191440566,37.72704827003665,53.3
196445.0,5145.7,37.549534,5148.159000000001,37.5515393,5130.332213494197,37.72236974464746,53.3
196495.0,5141.01,37.553543,5147.481000000001,37.5515393,5129.938564720391,37.72694770449269,53.3
196545.0,5144.66,37.553543,5147.428999999999,37.5511376,5129.881721060169,37.72695200986558,53.3
196595.0,5142.57,37.561569,5146.4890000000005,37.5523411,5129.442916105867,37.73405887610239,53.3
196645.0,5155.64,37.565586,5147.013,37.5539463,5129.91636403052,37.73127443388097,53.3
196695.0,5143.61,37.569603,5145.339,37.5559532,5129.112957086058,37.743938488578934,53.3
196745.0,5144.66,37.577629,5145.339,37.5583618,5129.347117933012,37.74525537534379,53.3
196795.0,5143.09,37.581646,5145.181999999999,37.561572999999996,5129.5617345949795,37.748139021537554,53.3
196845.0,5146.22,37.585659,5145.495,37.5651855,5130.094351229511,37.74801151479668,53.3
196895.0,5145.7,37.577629,5145.286,37.5675941,5130.20299301857,37.75077784332657,53.3
196945.0,5145.7,37.577629,5145.285999999999,37.5704036,5130.473584567765,37.75233788211087,53.3
196995.0,5131.65,37.577629,5144.349999999999,37.5728122,5130.147164695997,37.76013421835142,53.3
197045.0,5142.57,37.581646,5144.1410000000005,37.575622499999994,5130.29228476806,37.76313801844095,53.3
197095.0,5133.21,37.589676,5143.205,37.5784332,5130.002540761714,37.77117128429582,53.3
197145.0,5146.22,37.597702,5142.263,37.58164480000001,5129.745987788306,37.77948242778663,53.3
197195.0,5137.36,37.597702,5141.638,37.5844547,5129.641233695296,37.78535720328623,53.3
197245.0,5134.77,37.601723,5140.649,37.5868641,5129.281336727583,37.79350871350303,53.3
197295.0,5126.46,37.60574,5138.985999999999,37.589273500000004,5128.518049838702,37.80631921048795,53.3
197345.0,5135.29,37.609756,5137.893,37.59168319999999,5128.0949968294235,37.81518003625104,53.3
197395.0,5123.36,37.61377,5135.659,37.5952973,5127.101089550396,37.832650139994335,53.3
197445.0,5121.81,37.621803,5133.2699999999995,37.5997147,5126.088250929875,37.851663897788875,53.3
197495.0,5131.65,37.62582,5133.2699999999995,37.6045338,5126.540146141953,37.85438167425527,53.3
197545.0,5135.8,37.62582,5132.593,37.60895119999999,5126.5496969456535,37.86154414637535,53.3
197595.0,5121.81,37.629841,5131.4529999999995,37.6129677,5126.244773675555,37.871668228756995,53.3
197645.0,5116.13,37.637878,5128.4439999999995,37.616985299999996,5124.821960978985,37.894718633247244,53.3
197695.0,5125.95,37.637878,5127.302999999999,37.62100289999999,5124.514970375102,37.904834236264826,53.3
197745.0,5117.16,37.641895,5125.5419999999995,37.6250201,5123.836713061063,37.919234861780154,53.3
197795.0,5118.71,37.645908,5124.767000000001,37.6290369,5123.747232866913,37.926807624310804,53.3
197845.0,5137.88,37.649929,5125.026,37.633054200000004,5124.275568978586,37.927225416636354,53.3
197895.0,5110.46,37.65395,5123.735999999999,37.6370722,5123.877672135623,37.938361887355576,53.3
197945.0,5116.13,37.661991,5123.168,37.641091,5123.9109468301795,37.94449964991617,53.3
197995.0,5118.71,37.666008,5121.874,37.6451098,5123.509769962545,37.955658565714266,53.3
198045.0,5132.69,37.674042,5121.563,37.64993199999999,5123.7702984547295,37.96049305488394,53.3
198095.0,5116.13,37.682083,5120.995,37.65515619999999,5123.9141112434445,37.96734591551582,53.3
198145.0,5115.61,37.690125,5120.943,37.6603809,5124.366021776011,37.97062851724816,53.3
198195.0,5122.84,37.686104,5120.632,37.665203500000004,5124.6254407778015,37.97546382553722,53.3
198245.0,5120.26,37.686104,5120.942000000001,37.6696244,5125.218500791172,37.97576306119804,53.3
198295.0,5123.88,37.682083,5121.459,37.6732419,5125.860582940194,37.9741527226052,53.3
198345.0,5115.09,37.678062,5119.18,37.67605519999999,5124.7562705971495,37.99140754154267,53.3
198395.0,5125.43,37.678062,5120.677,37.678466400000005,5125.871497177444,37.98229075309535,53.3
198445.0,5113.55,37.682083,5120.419,37.6804756,5125.900378062847,37.98508208461819,53.3
198495.0,5118.19,37.678062,5120.367,37.681681,5125.977644323161,37.98596736932781,53.3
198545.0,5120.77,37.678062,5119.175,37.682083,5125.298683908846,37.9942590831335,53.3
198595.0,5127.5,37.682083,5120.312000000001,37.682083,5125.9745585034525,37.98619366663248,53.3
198645.0,5122.32,37.674042,5120.982999999999,37.6804747,5126.222857942951,37.9803957144725,53.3
198695.0,5126.46,37.674042,5121.344999999999,37.67926849999999,5126.324001114866,37.97697861294885,53.3
198745.0,5136.84,37.670025,5123.003,37.677660599999996,5127.162888081239,37.964357225786244,53.3
198795.0,5120.26,37.666008,5122.641,37.6760531,5126.794615099777,37.965717466839166,53.3
198845.0,5130.61,37.666008,5124.193,37.674847699999994,5127.608010662699,37.95407539416546,53.3
198895.0,5124.91,37.661991,5124.1410000000005,37.6732406,5127.425596227103,37.953296306558435,53.3
198945.0,5138.41,37.657967,5126.627,37.670829,5128.686027062836,37.93447805031811,53.3
198995.0,5137.88,37.657967,5128.596,37.6688195,5129.675451438049,37.91948733461308,53.3
199045.0,5145.7,37.657967,5131.088999999999,37.66681,5130.978789092309,37.90087996903352,53.3
199095.0,5143.61,37.65395,5132.7,37.6639967,5131.680954665064,37.887904313304524,53.3
199145.0,5140.49,37.649929,5134.517,37.6615854,5132.544168638969,37.87375045233864,53.3
199195.0,5143.61,37.649929,5136.232,37.659174099999994,5133.347003571441,37.86030976502413,53.3
199245.0,5134.77,37.65395,5136.025,37.6575666,5133.075887312611,37.860653067341154,53.3
199295.0,5143.09,37.65395,5138.308,37.6563608,5134.330812638412,37.844009636432794,53.3
199345.0,5154.59,37.649929,5140.706,37.6547529,5135.61782677804,37.82634008948725,53.3
199395.0,5145.7,37.65395,5142.784999999999,37.653948799999995,5136.7894162856455,37.81136819376579,53.3
199445.0,5151.45,37.661991,5144.089,37.6543512,5137.610191416512,37.802488103712854,53.3
199495.0,5144.66,37.666008,5144.767,37.655155300000004,5138.094277164127,37.79818476900181,53.3
199545.0,5149.88,37.666008,5145.1849999999995,37.65595939999999,5138.423034149473,37.79568339590915,53.3
199595.0,5161.4,37.657967,5146.964,37.6563611,5139.528213355467,37.783528199653915,53.3
199645.0,5153.54,37.65395,5148.269,37.6567632,5140.350457381262,37.774660347829276,53.3
199695.0,5151.97,37.649929,5149.1050000000005,37.6567632,5140.855280160597,37.76880252293483,53.3
199745.0,5146.22,37.637878,5150.25,37.655156,5141.3958946937555,37.75984986463423,53.3
199795.0,5159.83,37.633858,5151.924000000001,37.653146799999995,5142.215856208697,37.747001908228,53.3
199845.0,5150.92,37.633858,5151.557,37.651539699999994,5141.853399050143,37.74852086124883,53.3
199895.0,5155.64,37.637878,5152.5509999999995,37.64993249999999,5142.3046383685805,37.740622422703545,53.3
199945.0,5148.31,37.637878,5152.236999999999,37.6475212,5141.899564593616,37.741295975278746,53.3
199995.0,5147.79,37.637878,5152.55,37.644708200000004,5141.832133134164,37.73738986668942,53.3
200045.0,5153.54,37.637878,5152.916,37.6418952,5141.796623933462,37.733117826713645,53.3
200095.0,5156.68,37.637878,5152.444,37.6398863,5141.334966628563,37.73512478832665,53.3
200145.0,5157.21,37.637878,5152.811,37.6382791,5141.412198167768,37.73156521902896,53.3
200195.0,5148.31,37.633858,5152.445,37.636672,5141.051372025838,37.73307787895605,53.3
200245.0,5154.06,37.637878,5153.228999999999,37.636672,5141.527246663535,37.727593744451305,53.3
200295.0,5151.45,37.633858,5152.3910000000005,37.636672,5141.033552985241,37.73333411693387,53.3
200345.0,5155.11,37.637878,5152.8099999999995,37.637074,5141.328479037195,37.730615320233795,53.3
200395.0,5155.64,37.637878,5152.8099999999995,37.637074,5141.335659475571,37.730556820346216,53.3
200445.0,5158.78,37.637878,5153.857,37.637074,5141.968807771328,37.72325521243444,53.3
200495.0,5155.11,37.633858,5154.589,37.636672,5142.376570462787,37.71789703392531,53.3
200545.0,5164.03,37.641895,5155.638000000001,37.637073699999995,5143.04864649838,37.71082947569138,53.3
200595.0,5158.26,37.645908,5155.796,37.6378767,5143.225488537104,37.71017050857578,53.3
200645.0,5153.54,37.649929,5155.429,37.6390818,5143.125746725932,37.71338486027563,53.3
200695.0,5162.46,37.65395,5156.844,37.641091,5144.165874508193,37.70475078111268,53.3
200745.0,5150.92,37.661991,5156.53,37.64350230000001,5144.209821437863,37.70832506766686,53.3
200795.0,5156.16,37.657967,5157.000999999999,37.6459132,5144.722836021288,37.706467745355575,53.3
200845.0,5159.31,37.661991,5157.420999999999,37.6483245,5145.205365200245,37.704966160819936,53.3
200895.0,5153.54,37.670025,5157.211,37.651539199999995,5145.385750682497,37.70830573941536,53.3
200945.0,5159.31,37.674042,5157.264,37.6551556,5145.760410919843,37.71006597889212,53.3
200995.0,5164.03,37.682083,5158.156,37.6599781,5146.748418922751,37.70674423371415,53.3
201045.0,5158.78,37.678062,5157.630999999999,37.6635948,5146.777267421695,37.71250954063999,53.3
201095.0,5163.51,37.678062,5158.156000000001,37.6668102,5147.3962931377455,37.71076963539208,53.3
201145.0,5154.59,37.670025,5158.261,37.6688198,5147.652242090443,37.71121749009183,53.3
201195.0,5159.31,37.661991,5157.945999999999,37.6696239,5147.545106996434,37.713851181606046,53.3
201245.0,5159.83,37.65395,5158.8369999999995,37.6688198,5148.009622605174,37.70717905656252,53.3
201295.0,5149.88,37.657967,5158.209000000001,37.6688198,5147.640853707363,37.71149988772617,53.3
201345.0,5156.68,37.661991,5157.945999999999,37.6688198,5147.490144499953,37.71329296491499,53.3
201395.0,5160.88,37.661991,5158.68,37.6680164,5147.860880431675,37.707707289763746,53.3
201445.0,5159.31,37.661991,5158.679999999999,37.66681129999999,5147.755716506335,37.706962291827715,53.3
201495.0,5159.31,37.657967,5158.2080000000005,37.6643997,5147.256444694718,37.7087610294284,53.3
201545.0,5164.03,37.657967,5158.732999999999,37.66239019999999,5147.390583079067,37.703900254987765,53.3
201595.0,5156.68,37.657967,5158.05,37.6603807,5146.802727313367,37.70739831173633,53.3
201645.0,5164.56,37.661991,5159.047,37.659577299999995,5147.331170560313,37.69999168568852,53.3
201695.0,5154.59,37.657967,5158.575,37.6591749,5147.018838523378,37.70299157456027,53.3
201745.0,5157.21,37.661991,5158.313,37.659979,5146.943929741462,37.705257919322705,53.3
201795.0,5164.03,37.65395,5159.728,37.6595773,5147.759626122852,37.69520080516099,53.3
201845.0,5159.31,37.657967,5159.991,37.6591749,5147.886872243614,37.69311887718579,53.3
201895.0,5159.83,37.65395,5159.886,37.6583708,5147.7568992551005,37.693343692489265,53.3
201945.0,5156.68,37.649929,5159.6230000000005,37.6571646,5147.495155177764,37.694420547288814,53.3
201995.0,5162.98,37.674042,5159.99,37.6587721,5147.871198759997,37.69281983539439,53.3
202045.0,5155.11,37.678062,5159.098,37.6607816,5147.53182058439,37.70017135760938,53.3
202095.0,5162.46,37.690125,5159.676,37.66399740000001,5148.182925148343,37.69807119789767,53.3
202145.0,5160.35,37.690125,5159.254999999999,37.6668108,5148.199361174773,37.702644926326315,53.3
202195.0,5160.35,37.694145,5159.831,37.6704286,5148.886257976277,37.70080114734613,53.3
202245.0,5164.03,37.69817,5160.513,37.674046499999996,5149.6364665153715,37.69822745623815,53.3
202295.0,5165.08,37.706215,5160.618,37.679272999999995,5150.1909489909485,37.700611053444,53.3
202345.0,5162.46,37.69817,5160.933,37.683293299999995,5150.758760791205,37.700822434323335,53.3
202395.0,5163.51,37.69817,5161.301,37.6877153,5151.3953827611285,37.70090964906808,53.3
202445.0,5156.16,37.694145,5161.249000000001,37.692136899999994,5151.780694517484,37.70390489115795,53.3
202495.0,5157.21,37.686104,5160.6720000000005,37.6933431,5151.553438532875,37.70861063888198,53.3
202545.0,5165.61,37.686104,5161.722,37.6941473,5152.261392027415,37.70181809651197,53.3
202595.0,5159.83,37.690125,5161.459000000001,37.694147300000004,5152.1099103346305,37.70363290034643,53.3
202645.0,5166.66,37.694145,5162.090000000001,37.6945493,5152.530162012819,37.699502121967264,53.3
202695.0,5158.78,37.694145,5161.933,37.69454929999999,5152.442107913457,37.70058526098541,53.3
202745.0,5153.54,37.694145,5160.884,37.6941468,5151.783353325257,37.707598095472946,53.3
202795.0,5158.78,37.69817,5160.254,37.6933423,5151.337556718275,37.71146738127882,53.3
202845.0,5157.73,37.69817,5159.781,37.6933423,5151.060174999469,37.71472867253361,53.3
202895.0,5164.56,37.69817,5159.885999999999,37.6933423,5151.1282398147705,37.71398929621164,53.3
202945.0,5158.78,37.70219,5160.147999999999,37.6941468,5151.364853751926,37.712645209354335,53.3
202995.0,5162.98,37.706215,5160.725,37.696157899999996,5151.901791435174,37.7098445965731,53.3
203045.0,5164.56,37.706215,5160.62,37.69816899999999,5152.031003668469,37.71176509324548,53.3
203095.0,5161.4,37.714256,5160.777,37.70058209999999,5152.354021730573,37.712113431735354,53.3
203145.0,5160.88,37.722298,5160.199,37.7033974,5152.274830722903,37.717788343963164,53.3
203195.0,5165.61,37.730343,5160.882,37.7070172,5153.023911976485,37.715218696975185,53.3
203245.0,5165.08,37.734364,5162.036,37.711039099999994,5154.091864766967,37.70963473062199,53.3
203295.0,5164.56,37.742416,5162.614,37.7154637,5154.852868754548,37.70828219539795,53.3
203345.0,5160.88,37.750458,5162.928999999999,37.7206925,5155.531157197532,37.70923342990416,53.3
203395.0,5160.35,37.754486,5162.507999999999,37.72632409999999,5155.80657678014,37.7155198456994,53.3
203445.0,5158.78,37.766556,5162.508,37.73276069999999,5156.40798783316,37.719374588503705,53.3
203495.0,5156.16,37.774612,5161.825999999999,37.73960039999999,5156.638700330089,37.72819008845467,53.3
203545.0,5160.35,37.778633,5161.405,37.746842199999996,5157.062223637441,37.73543914899569,53.3
203595.0,5153.54,37.782661,5160.619,37.7536827,5157.2297717784995,37.74497341905116,53.3
203645.0,5162.46,37.782661,5160.777,37.759719000000004,5157.886494996206,37.747494481721446,53.3
203695.0,5158.26,37.786686,5160.0419999999995,37.7653533,5157.97171330887,37.75595526357947,53.3
203745.0,5139.45,37.794735,5157.479,37.7713904,5157.000921800739,37.77730164485557,53.3
203795.0,5139.97,37.806816,5155.0199999999995,37.77783039999999,5156.128745923065,37.79816023137584,53.3
203845.0,5133.21,37.822926,5152.253,37.7850772,5155.146354739032,37.821623348234596,53.3
203895.0,5121.81,37.826954,5148.398999999999,37.792324,5153.513014729873,37.85259685896036,53.3
203945.0,5132.17,37.839039,5145.737999999999,37.7995723,5152.591740279386,37.875303650111555,53.3
203995.0,5115.09,37.843071,5141.630999999999,37.8064182,5150.76756653298,37.90776437848071,53.3
204045.0,5107.37,37.851124,5136.333,37.8136673,5148.267393290301,37.94869048263894,53.3
204095.0,5119.74,37.855156,5132.9529999999995,37.820916800000006,5146.912295431173,37.976327594058716,53.3
204145.0,5103.77,37.863216,5127.084,37.828972300000004,5144.142710061661,38.021653923218615,53.3
204195.0,5106.85,37.863216,5121.943,37.8366253,5141.769170570987,38.0616809596145,53.3
204245.0,5108.91,37.867245,5118.889,37.8438763,5140.604422236822,38.08701007264529,53.3
204295.0,5101.21,37.875305,5115.013,37.8507252,5138.909791263274,38.1177748775372,53.3
204345.0,5102.23,37.883369,5111.914999999999,37.8567695,5137.604333170213,38.14266209604593,53.3
204395.0,5115.09,37.887398,5111.2429999999995,37.8628139,5137.748245858127,38.15075460987289,53.3
204445.0,5106.85,37.89949,5108.710999999999,37.868859,5136.77971899286,38.17171435087564,53.3
204495.0,5099.67,37.903526,5107.169,37.8749045,5136.40219497949,38.1858165062226,53.3
204545.0,5109.43,37.907555,5107.374999999999,37.8805476,5137.031709302003,38.18758030967425,53.3
204595.0,5104.8,37.911591,5105.881,37.8861911,5136.64465039945,38.201107785582096,53.3
204645.0,5114.06,37.915619,5106.91,37.891431399999995,5137.727935232912,38.19693488898585,53.3
204695.0,5098.13,37.919659,5106.038,37.8970757,5137.712154506288,38.20616082033027,53.3
204745.0,5115.09,37.919659,5106.656,37.902317100000005,5138.549301090891,38.20483565803083,53.3
204795.0,5117.16,37.919659,5108.250999999999,37.9067525,5139.895637059141,38.196273479705454,53.3
204845.0,5117.16,37.923687,5109.744000000001,37.9107843,5141.143691315751,38.18818346781095,53.3
204895.0,5110.97,37.923687,5109.332,37.9144132,5141.215578767707,38.19303913928561,53.3
204945.0,5119.22,37.923687,5110.569,37.916832899999996,5142.160841776441,38.18576302900705,53.3
204995.0,5118.71,37.911591,5112.473,37.9176394,5143.355342012519,38.17291379022501,53.3
205045.0,5108.4,37.903526,5112.370000000001,37.9172365,5143.238117002799,38.173234621538676,53.3
205095.0,5121.81,37.89143,5114.071,37.9152204,5144.049734550835,38.16011008118709,53.3
205145.0,5120.77,37.875305,5114.742,37.911189,5144.059048892231,38.15291313300028,53.3
205195.0,5122.84,37.871273,5117.213000000001,37.906350399999994,5145.070000077923,38.13278264508498,53.3
205245.0,5131.65,37.863216,5118.869000000001,37.900706099999994,5145.519786861339,38.117817951643346,53.3
205295.0,5137.36,37.859184,5120.889000000001,37.8946586,5146.150494504774,38.10009951365943,53.3
205345.0,5139.45,37.851124,5123.118,37.8874023,5146.794793330673,38.08021940342683,53.3
205395.0,5140.49,37.851124,5126.069999999999,37.880146,5147.872287304015,38.05534486967002,53.3
205445.0,5151.97,37.839039,5129.345,37.871681200000005,5149.031839654615,38.02752363719613,53.3
205495.0,5153.02,37.826954,5132.776,37.863217500000005,5150.286010983038,37.99863524242551,53.3
205545.0,5162.46,37.822926,5138.182,37.8551575,5152.759711454933,37.95633662318914,53.3
205595.0,5158.78,37.818901,5141.879,37.8479046,5154.288300873043,37.9263640442888,53.3
205645.0,5156.68,37.814869,5145.469999999999,37.841860999999994,5155.867029418647,37.89786115878389,53.3
205695.0,5159.83,37.814869,5149.169,37.8362206,5157.548931928056,37.86886534637886,53.3
205745.0,5159.83,37.814869,5151.986999999999,37.8313859,5158.78008151086,37.8464599563817,53.3
205795.0,5164.03,37.818901,5154.654,37.8273576,5159.996728425137,37.82559164390307,53.3
205845.0,5163.51,37.822926,5157.0599999999995,37.824537799999995,5161.170346184633,37.807261383166136,53.3
205895.0,5163.51,37.822926,5159.362000000001,37.821718,5162.282508964651,37.78965969644882,53.3
205945.0,5165.08,37.818901,5160.673000000001,37.8197042,5162.877694173573,37.77940456573476,53.3
205995.0,5164.56,37.826954,5161.827,37.819704200000004,5163.566336437372,37.77144438435583,53.3
206045.0,5164.56,37.818901,5162.036999999999,37.8193017,5163.6535148234,37.769779088289994,53.3
206095.0,5164.56,37.818901,5162.615,37.8193017,5163.998134252831,37.7658092097967,53.3
206145.0,5164.56,37.814869,5163.403,37.8193017,5164.468440894979,37.76038878174299,53.3
206195.0,5164.56,37.814869,5163.875999999999,37.8193017,5164.750607316851,37.75715076619598,53.3
206245.0,5164.56,37.814869,5164.349,37.8193017,5165.032885244464,37.753914616473416,53.3
206295.0,5164.56,37.810844,5164.402,37.818496,5164.989395832507,37.75310433184277,53.3
206345.0,5164.56,37.810844,5164.507,37.817287799999995,5164.939695109954,37.75169363610989,53.3
206395.0,5164.56,37.806816,5164.611999999999,37.815676800000006,5164.85270031242,37.75004221825714,53.3
206445.0,5164.56,37.798763,5164.5599999999995,37.813663000000005,5164.63456911591,37.74923616271237,53.3
206495.0,5164.56,37.794735,5164.5599999999995,37.810441100000006,5164.335498260642,37.74734735666024,53.3
206545.0,5164.56,37.794735,5164.5599999999995,37.8080245,5164.111341670934,37.745939210854495,53.3
206595.0,5164.56,37.798763,5164.5599999999995,37.8060107,5163.92469929331,37.744771276297335,53.3
206645.0,5164.56,37.802792,5164.5599999999995,37.80480300000001,5163.81297992703,37.744084764242366,53.3
206695.0,5164.56,37.802792,5164.5599999999995,37.803595300000005,5163.701325074262,37.74339792962056,53.3
206745.0,5164.56,37.802792,5164.5599999999995,37.8023876,5163.589734622873,37.7427107729926,53.3
206795.0,5164.56,37.802792,5164.5599999999995,37.80158240000001,5163.515564934643,37.742263932818226,53.3
206845.0,5164.56,37.806816,5164.5599999999995,37.8011796,5163.4787850235625,37.74205744343134,53.3
206895.0,5164.56,37.814869,5164.5599999999995,37.801984899999994,5163.554151205513,37.74257309279508,53.3
206945.0,5164.56,37.822926,5164.5599999999995,37.804401199999994,5163.778992342672,37.74405203852186,53.3
206995.0,5164.56,37.822926,5164.5599999999995,37.8072203,5164.041087695018,37.74577232263575,53.3
207045.0,5164.56,37.830982,5164.5599999999995,37.810845,5164.37780030795,37.74797485463619,53.3
207095.0,5164.56,37.839039,5164.5599999999995,37.8148726,5164.751712238609,37.750419063036674,53.3
207145.0,5164.56,37.839039,5164.5599999999995,37.818497300000004,5165.088014912061,37.75262328645541,53.3
207195.0,5164.56,37.843071,5164.5599999999995,37.8225252,5165.461545468129,37.755069362651895,53.3
207245.0,5164.56,37.843071,5164.5599999999995,37.8265531,5165.8348611563215,37.757516327628295,53.3
207295.0,5164.56,37.847103,5164.5599999999995,37.8309842,5166.24538391399,37.760205235709854,53.3
207345.0,5164.56,37.851124,5164.5599999999995,37.835415,5166.655643182701,37.76289494338759,53.3
207395.0,5164.56,37.851124,5164.5599999999995,37.839040499999996,5166.990926138962,37.765104174396846,53.3
207445.0,5164.56,37.855156,5164.5599999999995,37.84226350000001,5167.2886605723625,37.76707355770518,53.3
207495.0,5164.56,37.859184,5164.5599999999995,37.845889299999996,5167.623609384721,37.769284452737374,53.3
207545.0,5164.56,37.863216,5164.5599999999995,37.849112700000006,5167.921019550645,37.77125555741936,53.3
207595.0,5164.56,37.859184,5164.5599999999995,37.85112719999999,5168.106060239719,37.77250460679871,53.3
207645.0,5164.56,37.847103,5164.5599999999995,37.8519336,5168.178870253842,37.77303179953162,53.3
207695.0,5164.56,37.843071,5164.5599999999995,37.8519336,5168.176796402693,37.773077015463116,53.3
207745.0,5164.56,37.835011,5164.5599999999995,37.8511276,5168.099918697041,37.77264030798548,53.3
207795.0,5164.56,37.746437,5164.5599999999995,37.841061,5167.163593848908,37.76666686300684,53.3
207845.0,5164.56,37.726322,5164.5599999999995,37.8285808,5166.003795043247,37.75924806838573,53.3
207895.0,5164.56,37.726322,5164.5599999999995,37.81610059999999,5164.844659831211,37.751826357188236,53.3
207945.0,5164.56,37.726322,5164.5599999999995,37.80321719999999,5163.648765348828,37.74416067924777,53.3
207995.0,5164.56,37.730343,5164.5599999999995,37.7903331,5162.453488578606,37.73649158367238,53.3
208045.0,5165.08,37.730343,5164.612,37.7770458,5161.252560056397,37.72821868161063,53.3
208095.0,5164.56,37.726322,5164.612,37.7637596,5160.021358823266,37.720303318196706,53.3
208145.0,5164.56,37.742416,5164.611999999999,37.753290899999996,5159.052355683121,37.71406933378874,53.3
208195.0,5164.56,37.806816,5164.611999999999,37.74966539999999,5158.719033765074,37.71192416105836,53.3
208245.0,5164.56,37.835011,5164.611999999999,37.749665400000005,5158.722389668397,37.71194565379126,53.3
208295.0,5164.56,37.830982,5164.611999999999,37.758119900000004,5159.510421083,37.71702168004964,53.3
208345.0,5164.56,37.830982,5164.611999999999,37.768585900000005,5160.484694054981,37.72330219814572,53.3
208395.0,5164.56,37.830982,5164.611999999999,37.7790519,5161.458411812615,37.72958508105623,53.3
208445.0,5164.56,37.830982,5164.611999999999,37.7895179,5162.431575302289,37.73587032475023,53.3
208495.0,5164.56,37.826954,5164.611999999999,37.799178999999995,5163.329480966409,37.74167671281175,53.3
208545.0,5164.56,37.822926,5164.5599999999995,37.808437299999994,5164.158403492654,37.74760421305872,53.3
208595.0,5164.56,37.810844,5164.5599999999995,37.8168895,5164.943098668217,37.752691894835166,53.3
208645.0,5164.56,38.117527,5164.5599999999995,37.8544006,5168.424370803252,37.77515442110521,53.3
208695.0,5251.69,38.718307,5173.273,37.9455497,5182.091030699986,37.76941274318909,53.3
208745.0,5233.81,38.559532,5180.198,38.01800179999999,5192.950615646682,37.764917987042395,53.3
208795.0,5149.88,38.255127,5178.73,38.0604163,5196.0023391955065,37.800575118823346,53.3
208845.0,5164.56,37.726322,5178.73,38.0499503,5195.021195595903,37.79446496109729,53.3
208895.0,5164.56,37.730343,5178.7300000000005,38.0398864,5194.077931702437,37.78859265585132,53.3
208945.0,5164.56,37.734364,5178.7300000000005,38.0302246,5193.172525505401,37.78295829865191,53.3
208995.0,5164.56,37.738388,5178.7300000000005,38.021367999999995,5192.34236774365,37.777802979131636,53.3
209045.0,5164.56,37.742416,5178.7300000000005,38.013317,5191.5874525423515,37.7731271229452,53.3
209095.0,5164.56,37.738388,5178.7300000000005,38.0060714,5190.907718415268,37.768930796705824,53.3
209145.0,5164.56,37.738388,5178.7300000000005,37.9681575,5187.381968527864,37.74639757274701,53.3
209195.0,5164.56,37.734364,5170.017,37.8697632,5173.035783386245,37.74797783797851,53.3
209245.0,5164.56,37.734364,5163.092,37.7872464,5161.235361926313,37.74662395245669,53.3
209295.0,5163.51,37.730343,5164.455,37.734768,5157.1806202484595,37.705842650996246,53.3
209345.0,5164.56,37.730343,5164.455,37.735170100000005,5157.222031545059,37.706099315541366,53.3
209395.0,5164.56,37.794735,5164.455,37.7416093,5157.8237367450265,37.709965340890086,53.3
209445.0,5164.56,37.830982,5164.455,37.751271100000004,5158.7242000708475,37.7157594371219,53.3
209495.0,5164.56,37.835011,5164.455,37.760933400000006,5159.624202400071,37.72155599271845,53.3
209545.0,5164.56,37.839039,5164.455,37.77059570000001,5160.523698154516,37.72735470522984,53.3
209595.0,5164.56,37.843071,5164.455,37.781064,5161.497495306163,37.7336374387878,53.3
209645.0,5164.56,37.847103,5164.455,37.79193550000001,5162.508167811247,37.7401635569966,53.3
209695.0,5164.56,37.843071,5164.455,37.802806200000006,5163.518199251255,37.746691615045584,53.3
209745.0,5164.56,37.835011,5164.455,37.8128709,5164.452857679965,37.75274021951808,53.3
209795.0,5164.56,37.830982,5164.5599999999995,37.8229348,5165.449693108581,37.75806413319181,53.3
209845.0,5164.56,37.826954,5164.5599999999995,37.8325959,5166.345870700658,37.76387630478477,53.3
209895.0,5164.56,37.822926,5164.5599999999995,37.835415,5166.606521516718,37.76560011619221,53.3
209945.0,5164.56,37.806816,5164.5599999999995,37.832998399999994,5166.381086295387,37.76419435476188,53.3
209995.0,5168.24,38.202484,5164.928,37.869745699999996,5170.010706711823,37.78365613155929,53.3
210045.0,5242.47,38.746838,5172.719,37.960525600000004,5183.091278057004,37.78407489629159,53.3
210095.0,5243.55,38.795773,5180.618,38.055795800000006,5196.650228897369,37.786481328657146,53.3
210145.0,5256.05,38.812092,5189.767000000002,38.1522947,5211.067381070411,37.78102589159423,53.3
210195.0,5265.87,38.865147,5199.898,38.2545023,5226.598535420843,37.772246110097214,53.3
210245.0,5251.15,38.799847,5208.557000000001,38.3509859,5240.71539464295,37.7702899275931,53.3
210295.0,5241.93,38.754993,5216.294,38.443387,5253.899099866822,37.772326490592604,53.3
210345.0,5243.01,38.685711,5224.139000000001,38.529262700000004,5266.538711604445,37.769764701609354,53.3
210395.0,5254.41,38.681637,5233.124000000001,38.6151338,5279.856792009288,37.759361982981424,53.3
210445.0,5235.43,38.567673,5240.210999999999,38.6912195,5291.129547554996,37.756293636954005,53.3
210495.0,5164.56,37.806816,5239.843,38.6516527,5287.208940677124,37.73570381127939,53.3
210545.0,5164.03,37.730343,5231.999,38.550003200000006,5273.058701410166,37.7297099715285,53.3
210595.0,5164.56,37.734364,5224.1,38.4438623,5258.462228746646,37.72135816826019,53.3
210645.0,5164.56,37.738388,5214.950999999999,38.3364919,5243.008054892979,37.72086503509092,53.3
210695.0,5164.56,37.738388,5204.82,38.223816,5226.477874330437,37.72393460953567,53.3
210745.0,5164.56,37.742416,5196.160999999999,38.1180729,5211.474733083999,37.720900629535926,53.3
210795.0,5164.56,37.738388,5188.424,38.01641239999999,5197.405243470498,37.713871577794635,53.3
210845.0,5164.03,37.734364,5180.526,37.9212777,5183.848688104173,37.71180541105326,53.3
210895.0,5164.03,37.734364,5171.488,37.82655040000001,5169.651527760191,37.71781842393334,53.3
210945.0,5165.08,37.726322,5164.4529999999995,37.74241529999999,5157.637805676278,37.71625043907058,53.3
210995.0,5164.56,37.722298,5164.4529999999995,37.7339635,5156.8571268390515,37.71121200074248,53.3
211045.0,5164.56,37.718277,5164.505999999999,37.732756900000005,5156.781015789544,37.71013651170892,53.3
211095.0,5165.08,37.714256,5164.558,37.7307461,5156.6297350045215,37.708587073384365,53.3
211145.0,5165.61,37.710228,5164.6630000000005,37.7279301,5156.435516172613,37.70618930477909,53.3
211195.0,5164.03,37.714256,5164.61,37.7255169,5156.184385265509,37.7051252421236,53.3
211245.0,5165.08,37.710228,5164.661999999999,37.7222981,5155.921364052148,37.70285235748584,53.3
211295.0,5161.93,37.706215,5164.398999999999,37.7190808,5155.470331105334,37.70275918646528,53.3
211345.0,5156.16,37.69817,5163.611999999999,37.715461399999995,5154.668806898009,37.70604921943106,53.3
211395.0,5166.13,37.694145,5163.821999999999,37.7114395,5154.425983215776,37.70219701911561,53.3
211445.0,5164.03,37.690125,5163.716999999999,37.7078198,5154.032413670371,37.70076452183356,53.3
211495.0,5160.35,37.690125,5163.296,37.70460250000001,5153.487428607382,37.70175765912703,53.3
211545.0,5158.78,37.682083,5162.718,37.7009831,5152.811326338443,37.703594304836734,53.3
211595.0,5159.31,37.678062,5162.1410000000005,37.6973637,5152.135872744792,37.705421039876235,53.3
211645.0,5161.4,37.674042,5161.72,37.6937451,5151.553808305064,37.70616597367392,53.3
211695.0,5165.08,37.674042,5161.825000000001,37.689723699999995,5151.248910383524,37.703028541781855,53.3
211745.0,5155.11,37.666008,5160.8279999999995,37.6853017,5150.24822671757,37.70727539596669,53.3
211795.0,5165.08,37.661991,5161.143000000001,37.680879299999994,5150.031877914303,37.70244010743102,53.3
211845.0,5160.88,37.666008,5161.615,37.6776631,5150.021630511165,37.69723995618981,53.3
211895.0,5159.31,37.674042,5160.932999999999,37.675652799999995,5149.4336545489,37.70074587284447,53.3
211945.0,5157.73,37.674042,5160.303,37.674044499999994,5148.914022995862,37.70412935035236,53.3
211995.0,5159.31,37.678062,5160.198999999999,37.672838199999994,5148.746105479654,37.70411127147229,53.3
212045.0,5164.03,37.682083,5160.723999999999,37.6728382,5149.066225571182,37.700461945749076,53.3
212095.0,5158.26,37.678062,5160.619000000001,37.6728382,5149.009811823859,37.70117332678166,53.3
212145.0,5158.26,37.682083,5160.305,37.6736423,5148.903050559499,37.703811039548256,53.3
212195.0,5155.11,37.682083,5159.308,37.674446399999994,5148.3878452264935,37.71117315740028,53.3
212245.0,5156.68,37.686104,5159.465,37.676455999999995,5148.674174210566,37.71126836305337,53.3
212295.0,5149.36,37.682083,5157.893,37.6784652,5147.926719867703,37.72332662716283,53.3
212345.0,5151.45,37.686104,5156.95,37.6804748,5147.554895005064,37.73102788081282,53.3
212395.0,5146.75,37.682083,5155.694,37.681278899999995,5146.883743869016,37.740170874076384,53.3
212445.0,5156.16,37.682083,5155.536999999999,37.68208299999999,5146.8693026432475,37.741705813660964,53.3
212495.0,5149.88,37.682083,5154.593999999999,37.682485099999994,5146.347564858955,37.74843806025603,53.3
212545.0,5127.5,37.686104,5150.941,37.682887199999996,5144.2054398102755,37.77391630111149,53.3
212595.0,5136.84,37.686104,5148.799000000001,37.6836914,5143.003155183165,37.78916734483159,53.3
212645.0,5138.93,37.686104,5146.866,37.6840935,5141.887987782694,37.80272420361233,53.3
212695.0,5130.09,37.690125,5144.364,37.68489770000001,5140.469523579143,37.820451048098754,53.3
212745.0,5124.39,37.69817,5141.135,37.686104300000004,5138.65318790786,37.843439166839794,53.3
212795.0,5125.43,37.710228,5138.742,37.688918799999996,5137.48512002243,37.86159285083409,53.3
212845.0,5118.71,37.714256,5135.468,37.691734,5135.789754317466,37.885834002603765,53.3
212895.0,5116.13,37.722298,5132.406,37.695755500000004,5134.332239923014,37.909318054441066,53.3
212945.0,5105.83,37.730343,5127.3730000000005,37.700581500000006,5131.77018036338,37.94690920938793,53.3
212995.0,5106.34,37.738388,5123.019,37.706212,5129.6873916838495,37.98026595614569,53.3
213045.0,5094.04,37.746437,5119.673000000001,37.7122453,5128.243389524803,38.006874651590174,53.3
213095.0,5094.55,37.758514,5115.444000000001,37.7194863,5126.382561074785,38.040303488491354,53.3
213145.0,5098.64,37.770588,5111.415,37.7279347,5124.752091502319,38.0730564031648,53.3
213195.0,5091.99,37.774612,5107.605,37.736383399999994,5123.251288057353,38.104281315829894,53.3
213245.0,5093.52,37.782661,5104.517999999999,37.7448325,5122.181521831484,38.130492133154746,53.3
213295.0,5098.13,37.786686,5101.788,37.75247829999999,5121.249545786874,38.15374329961526,53.3
213345.0,5102.75,37.790714,5100.192,37.7601241,5120.994560165325,38.16914045208078,53.3
213395.0,5097.62,37.794735,5098.341000000001,37.767367799999995,5120.549088715489,38.1860574135551,53.3
213445.0,5081.79,37.794735,5095.937,37.773807,5119.697592059178,38.2063143390414,53.3
213495.0,5094.55,37.790714,5094.758000000001,37.7790396,5119.465633145055,38.21736727483973,53.3
213545.0,5081.79,37.794735,5093.533000000001,37.7838694,5119.168286165407,38.228494658443566,53.3
213595.0,5085.36,37.790714,5092.6140000000005,37.7870894,5118.903974378709,38.236539280127396,53.3
213645.0,5090.97,37.786686,5091.847,37.78869920000001,5118.580739952549,38.2425671651483,53.3
213695.0,5079.76,37.782661,5090.624,37.7895041,5117.909952958591,38.25126651334904,53.3
213745.0,5088.42,37.774612,5090.114,37.78869920000001,5117.515724572348,38.25406636186348,53.3
213795.0,5085.36,37.770588,5088.8369999999995,37.7870894,5116.588191343428,38.261689817621104,53.3
213845.0,5089.44,37.762531,5087.506,37.784271100000005,5115.516028468336,38.26895958370468,53.3
213895.0,5086.38,37.754486,5086.382,37.7802462,5114.452200319008,38.27087542738046,53.3
213945.0,5089.95,37.754486,5087.1979999999985,37.776221299999996,5114.549011505037,38.262597876810055,53.3
213995.0,5094.55,37.754486,5087.197999999999,37.7725985,5114.195942439478,38.26017206590038,53.3
214045.0,5083.32,37.742416,5087.351000000001,37.7673666,5113.784213197341,38.255732094546,53.3
214095.0,5093.52,37.734364,5088.1669999999995,37.7617316,5113.73150232151,38.246493587261874,53.3
214145.0,5097.11,37.722298,5088.781,37.75529280000001,5113.483405650566,38.238165085196215,53.3
214195.0,5100.69,37.710228,5090.874000000001,37.7480495,5114.044822376974,38.21919055811896,53.3
214245.0,5106.85,37.69817,5092.717,37.7404053,5114.420149101213,38.20170117096436,53.3
214295.0,5116.64,37.682083,5095.844999999999,37.7315548,5115.451792063477,38.17466327153185,53.3
214345.0,5120.77,37.670025,5098.978,37.7223042,5116.450167681929,38.14736161822682,53.3
214395.0,5119.22,37.657967,5102.262000000001,37.712652299999995,5117.502467535166,38.11879184877913,53.3
214445.0,5125.43,37.645908,5105.8099999999995,37.7017945,5118.601129960585,38.08769666235671,53.3
214495.0,5136.84,37.641895,5110.039,37.690535399999995,5120.070736037006,38.05169143072962,53.3
214545.0,5133.21,37.637878,5115.028,37.680081599999994,5122.071402047166,38.0109568642924,53.3
214595.0,5144.14,37.633858,5120.09,37.670030999999994,5124.1549673281315,37.96997773948724,53.3
214645.0,5140.49,37.62582,5124.428,37.6603832,5125.844910113049,37.93423249953838,53.3
214695.0,5151.45,37.62582,5129.504,37.651942399999996,5128.090224280655,37.89414996479714,53.3
214745.0,5149.36,37.61779,5133.755,37.6439044,5129.881452888737,37.859995908214394,53.3
214795.0,5147.27,37.61377,5136.818000000001,37.637073099999995,5131.076485267404,37.83474315205488,53.3
214845.0,5144.66,37.60574,5139.207,37.630644600000004,5131.907193154016,37.814373911335345,53.3
214895.0,5148.83,37.601723,5142.168000000001,37.625020199999994,5133.155808683113,37.790561049519425,53.3
214945.0,5140.49,37.593693,5143.674,37.619798700000004,5133.57311344413,37.77700000830019,53.3
214995.0,5158.26,37.597702,5145.816000000001,37.61537940000001,5134.446159900014,37.75955131129287,53.3
215045.0,5141.53,37.593693,5146.648,37.610960899999995,5134.536781066467,37.75111461491172,53.3
215095.0,5161.4,37.589676,5148.374,37.606542700000006,5135.162285428211,37.73653513710423,53.3
215145.0,5156.68,37.589676,5149.993,37.602928299999995,5135.799491937007,37.723177092682924,53.3
215195.0,5147.27,37.589676,5149.575,37.5993139,5135.219417635146,37.72382603753043,53.3
215245.0,5141.01,37.581646,5148.74,37.595699499999995,5134.390126634593,37.727339119976605,53.3
215295.0,5150.4,37.581646,5149.053,37.59248709999999,5134.2847018854245,37.72319775131077,53.3
215345.0,5154.06,37.573616,5149.993,37.5892747,5134.554337378752,37.71474706811234,53.3
215395.0,5139.45,37.565586,5149.054999999999,37.585661,5133.664092939374,37.718968169426695,53.3
215445.0,5150.4,37.561569,5150.046,37.5824486,5133.964537237901,37.71016562789613,53.3
215495.0,5142.57,37.55756,5148.477000000001,37.578434400000006,5132.659971389589,37.71848352758566,53.3
215545.0,5151.97,37.561569,5149.521,37.57522200000001,5132.992316167199,37.70931320303381,53.3
215595.0,5148.31,37.561569,5148.2119999999995,37.572411300000006,5131.9558489618485,37.716560149903685,53.3
215645.0,5145.7,37.565586,5147.114,37.5700023,5131.082905753758,37.72259164177396,53.3
215695.0,5137.36,37.573616,5146.123,37.5683963,5130.348827378634,37.7283633151212,53.3
215745.0,5143.09,37.573616,5146.331,37.567593300000006,5130.4064344567,37.72636958162885,53.3
215795.0,5148.31,37.569603,5146.122,37.566389,5130.177327554153,37.727002964848545,53.3
215845.0,5139.97,37.565586,5144.713,37.565586,5129.268314361267,37.73612386166162,53.3
215895.0,5141.01,37.565586,5144.869000000001,37.565585999999996,5129.369667224224,37.73496222003043,53.3
215945.0,5145.7,37.561569,5144.399,37.565586,5129.096799225354,37.73810421386971,53.3
215995.0,5150.4,37.553543,5145.182,37.565184300000006,5129.53538381436,37.73239162249452,53.3
216045.0,5144.14,37.549534,5144.398999999999,37.563980799999996,5128.9630267722405,37.736966841668114,53.3
216095.0,5139.97,37.541512,5143.565,37.5619751,5128.285121456938,37.74141006639445,53.3
216145.0,5136.32,37.549534,5142.627,37.5603699,5127.582371654246,37.74680427686854,53.3
216195.0,5145.7,37.549534,5143.460999999999,37.5579617,5127.863839877693,37.73953448215382,53.3
216245.0,5139.45,37.545521,5143.097,37.555152199999995,5127.3918948301125,37.740262154538996,53.3
216295.0,5141.01,37.541512,5142.367,37.5523431,5126.701231556708,37.74350407641255,53.3
216345.0,5146.22,37.545521,5142.992,37.5503366,5126.895591650485,37.73790873736658,53.3
216395.0,5137.36,37.545521,5142.627,37.5483301,5126.498315299062,37.73912036972796,53.3
216445.0,5150.4,37.549534,5143.097,37.5471266,5126.675262578993,37.735070824410876,53.3
216495.0,5143.09,37.545521,5142.366,37.546324399999996,5126.171849523316,37.73951814668532,53.3
216545.0,5141.01,37.541512,5142.053000000001,37.54552220000001,5125.918208488384,37.7410895442508,53.3
216595.0,5139.97,37.533482,5142.053000000001,37.5447192,5125.8515796429665,37.74050778414843,53.3
216645.0,5144.14,37.533482,5142.835,37.543113999999996,5126.17754290097,37.73407106973327,53.3
216695.0,5146.22,37.533482,5142.887000000001,37.541508799999995,5126.067319615125,37.73265479027709,53.3
216745.0,5151.45,37.533482,5144.0869999999995,37.5403049,5126.680980506211,37.72358725138698,53.3
216795.0,5143.09,37.537495,5144.295,37.5399032,5126.776834310875,37.721822237666565,53.3
216845.0,5151.45,37.549534,5144.817999999999,37.5403045,5127.136078600853,37.7183727920959,53.3
216895.0,5146.22,37.549534,5145.704,37.5407058,5127.712416672941,37.71243019882995,53.3
216945.0,5144.14,37.549534,5145.0779999999995,37.5407058,5127.347494883614,37.71664422661938,53.3
216995.0,5147.27,37.549534,5145.496000000001,37.5411071,5127.644062361448,37.713919771862706,53.3
217045.0,5141.01,37.545521,5145.496,37.541508,5127.690756167635,37.71406999572628,53.3
217095.0,5153.02,37.549534,5146.801000000001,37.54311320000001,5128.630104041204,37.70597003876073,53.3
217145.0,5143.09,37.545521,5146.695999999999,37.5443171,5128.689200242161,37.7073273135647,53.3
217195.0,5132.69,37.537495,5145.343000000001,37.5447184,5127.927128980022,37.71678325642729,53.3
217245.0,5146.22,37.537495,5144.820000000001,37.5451197,5127.660949212436,37.720529297984314,53.3
217295.0,5144.14,37.529469,5144.925,37.5443171,5127.65759804989,37.71923716870929,53.3
217345.0,5142.57,37.529469,5144.037,37.5423106,5126.94817694492,37.72405131428954,53.3
217395.0,5136.32,37.533482,5143.0470000000005,37.5407054,5126.215171372395,37.729803031057344,53.3
217445.0,5137.36,37.529469,5142.369,37.5386989,5125.631061486829,37.73316646168746,53.3
217495.0,5148.31,37.529469,5142.473,37.5366924,5125.51440375768,37.73115184331868,53.3
217545.0,5139.45,37.533482,5142.317,37.5354885,5125.317401026784,37.73140429693604,53.3
217595.0,5136.84,37.533482,5140.698999999999,37.5338833,5124.208893009097,37.74146568586545,53.3
217645.0,5152.49,37.529469,5141.638999999999,37.5322781,5124.629373127452,37.73393786049378,53.3
217695.0,5134.25,37.525455,5141.795,37.5310741,5124.618897373549,37.732042071203416,53.3
217745.0,5145.7,37.529469,5141.7429999999995,37.530271500000005,5124.521654112761,37.73181641853684,53.3
217795.0,5135.29,37.529469,5140.857999999999,37.530271500000005,5124.001418027253,37.737796251029245,53.3
217845.0,5137.36,37.529469,5140.337,37.530271500000005,5123.6986009851635,37.741270990233545,53.3
217895.0,5143.09,37.525455,5141.014,37.529468800000004,5124.036878101852,37.7360292585077,53.3
217945.0,5132.17,37.521446,5140.495,37.5286665,5123.66035535735,37.739011215474235,53.3
217995.0,5142.05,37.517433,5139.869000000001,37.5274629,5123.182295967839,37.74248687999315,53.3
218045.0,5134.25,37.521446,5139.349,37.52625929999999,5122.7675265210755,37.745231575872964,53.3
218095.0,5141.53,37.529469,5139.818,37.525858,5123.018908349265,37.74165570934215,53.3
218145.0,5130.61,37.529469,5137.629999999999,37.525858,5121.719451250032,37.75658525929582,53.3
218195.0,5138.41,37.537495,5138.046,37.527061999999994,5122.088770474693,37.75432750540019,53.3
218245.0,5134.77,37.541512,5136.9529999999995,37.5282663,5121.556010649204,37.76244440872959,53.3
218295.0,5144.66,37.545521,5137.890000000001,37.5298715,5122.2740108775515,37.75684358018338,53.3
218345.0,5132.17,37.545521,5137.370999999999,37.5314767,5122.121677450815,37.76125483066738,53.3
218395.0,5134.25,37.549534,5136.486999999999,37.5338846,5121.82593668972,37.768653546656445,53.3
218445.0,5148.83,37.545521,5138.153,37.536292100000004,5123.0543222288825,37.75852118742993,53.3
218495.0,5133.73,37.549534,5137.320999999999,37.5395022,5122.864529477378,37.76604601381519,53.3
218545.0,5117.67,37.549534,5135.662999999999,37.542311,5122.143106533713,37.779006604573894,53.3
218595.0,5134.77,37.549534,5134.986999999999,37.5443175,5121.933317476316,37.78473230730367,53.3
218645.0,5129.57,37.553543,5134.883000000001,37.5467249,5122.10270041457,37.78676399500735,53.3
218695.0,5123.88,37.553543,5133.429999999999,37.5483297,5121.390485617154,37.79758897122709,53.3
218745.0,5128.02,37.55756,5132.754999999999,37.5499345,5121.143002498599,37.8030614483576,53.3
218795.0,5112.0,37.561569,5129.489,37.5515393,5119.346322253342,37.82634223636013,53.3
218845.0,5117.16,37.565586,5127.988,37.5535458,5118.64159080272,37.83771983575936,53.3
218895.0,5107.37,37.569603,5125.300000000001,37.5555527,5117.226866287572,37.857252282889846,53.3
218945.0,5125.43,37.569603,5122.960000000001,37.5579609,5116.057029404853,37.87462370999991,53.3
218995.0,5116.13,37.573616,5121.2,37.5603691,5115.2333380442,37.888000775051935,53.3
219045.0,5112.0,37.577629,5120.633,37.5631786,5115.159872007254,37.89341172682949,53.3
219095.0,5103.77,37.577629,5117.533,37.565988100000006,5113.5718533400795,37.91623299881332,53.3
219145.0,5110.46,37.573616,5115.622000000001,37.56799540000001,5112.618940828621,37.93039159186091,53.3
219195.0,5096.08,37.577629,5112.842000000001,37.570404,5111.183520606381,37.9507574442851,53.3
219245.0,5094.55,37.577629,5109.495000000001,37.5724109,5109.370921741721,37.974771655213054,53.3
219295.0,5106.34,37.569603,5108.929000000001,37.573214300000004,5109.1076711813375,37.97893905349916,53.3
219345.0,5101.72,37.569603,5107.385,37.573616,5108.222062400824,37.98958737649334,53.3
219395.0,5104.8,37.573616,5107.128000000001,37.5740173,5108.1054890153355,37.9913836838227,53.3
219445.0,5094.04,37.573616,5103.9890000000005,37.5744186,5106.265903604365,38.0129899687926,53.3
219495.0,5101.72,37.577629,5102.548000000001,37.57481990000001,5105.440775227763,38.02291377873377,53.3
219545.0,5104.29,37.585659,5101.777,37.5756229,5105.053410626411,38.02846753155764,53.3
219595.0,5101.72,37.581646,5101.572,37.5760246,5104.966732536704,38.02988846596432,53.3
219645.0,5105.31,37.577629,5101.057,37.5764259,5104.6946316355,38.03343967365409,53.3
219695.0,5099.67,37.573616,5101.415999999999,37.576024600000004,5104.8699277145015,38.03050179897637,53.3
219745.0,5101.21,37.565586,5102.082,37.574820300000006,5105.153829778813,38.02497497110769,53.3
219795.0,5111.48,37.561569,5102.596,37.574016900000004,5105.384509327668,38.02073493631875,53.3
219845.0,5101.72,37.561569,5102.5960000000005,37.57321350000001,5105.308048738032,38.020029934404306,53.3
219895.0,5103.26,37.549534,5102.442000000001,37.5708053,5104.989632824342,38.019424185385574,53.3
219945.0,5100.18,37.553543,5103.0560000000005,37.568798,5105.167885815097,38.01377814550248,53.3
219995.0,5113.03,37.545521,5104.187,37.5655872,5105.542997399432,38.003860745019665,53.3
220045.0,5103.77,37.549534,5104.135,37.5619747,5105.173730281054,38.001838521440604,53.3
220095.0,5114.58,37.545521,5105.421,37.5583622,5105.604515196076,37.990618304206876,53.3
220145.0,5113.03,37.537495,5106.193,37.5543488,5105.690991728556,37.98269553867184,53.3
220195.0,5109.94,37.533482,5107.219999999999,37.550335399999994,5105.930257599413,37.97302198966077,53.3
220245.0,5116.13,37.529469,5108.712,37.546723699999994,5106.485436270747,37.9603951538253,53.3
220295.0,5131.13,37.521446,5110.676999999999,37.54271140000001,5107.286429220184,37.9442820788113,53.3
220345.0,5123.88,37.513424,5112.892999999999,37.5378969,5108.163112368705,37.92597022809834,53.3
220395.0,5119.22,37.505398,5114.489,37.5334833,5108.707266259006,37.912166732837115,53.3
220445.0,5130.61,37.497379,5117.532000000001,37.52786690000001,5110.004626991901,37.88770238031147,53.3
220495.0,5127.5,37.489361,5118.979,37.5222509,5110.348764927413,37.87421857640659,53.3
220545.0,5127.5,37.481339,5121.352000000001,37.5154314,5111.134600793629,37.85365404122364,53.3
220595.0,5127.5,37.477329,5122.644,37.5086122,5111.275004590028,37.84052735944762,53.3
220645.0,5117.16,37.477329,5123.057000000001,37.5025956,5110.965474686501,37.8339259163319,53.3
220695.0,5129.57,37.477329,5125.02,37.4969803,5111.620423926174,37.816910145034804,53.3
220745.0,5132.17,37.481339,5126.624,37.49216729999999,5112.136357953356,37.802847517834685,53.3
220795.0,5123.88,37.485348,5125.898999999999,37.4885575,5111.372904523049,37.80551829887743,53.3
220845.0,5130.61,37.481339,5126.572,37.485349,5111.482718508827,37.7988161603313,53.3
220895.0,5135.8,37.477329,5128.2300000000005,37.4825421,5112.219186949735,37.785585085757624,53.3
220945.0,5133.73,37.477329,5128.5419999999995,37.4805371,5112.2263551918995,37.782091005786995,53.3
220995.0,5122.84,37.47332,5128.075999999999,37.478933,5111.80601738061,37.78418534378927,53.3
221045.0,5129.57,37.465305,5128.282999999999,37.4773296,5111.788054564909,37.78165216665675,53.3
221095.0,5133.73,37.465305,5128.906,37.47612719999999,5112.05635844002,37.77649968894095,53.3
221145.0,5128.54,37.465305,5130.044,37.4749248,5112.6327141141865,37.767809158709426,53.3
221195.0,5122.32,37.465305,5129.319,37.4737224,5112.095596556685,37.771928602276596,53.3
221245.0,5133.73,37.461292,5129.475,37.4717177,5112.010109480435,37.76950988543198,53.3
221295.0,5132.69,37.461292,5130.356,37.4693121,5112.320706205715,37.76186815658088,53.3
221345.0,5129.06,37.465305,5130.200999999999,37.4677087,5112.087181301536,37.761830095858066,53.3
221395.0,5130.61,37.461292,5129.681999999999,37.466105000000006,5111.636054717913,37.76429327620278,53.3
221445.0,5134.25,37.461292,5129.7339999999995,37.46450130000001,5111.526247806151,37.762829481045074,53.3
221495.0,5136.84,37.461292,5131.134,37.4632985,5112.259838102682,37.75233924728077,53.3
221545.0,5134.25,37.461292,5131.602000000001,37.4628972,5112.5114622986475,37.7487393742181,53.3
221595.0,5130.09,37.461292,5131.238,37.4624959,5112.265799176008,37.75086029719323,53.3
221645.0,5126.98,37.461292,5131.081999999999,37.4620946,5112.1444203320625,37.7515502578676,53.3
221695.0,5134.77,37.457287,5132.327,37.4612928,5112.823153790033,37.742369881845505,53.3
221745.0,5131.65,37.453274,5132.119000000001,37.460491000000005,5112.6335240790395,37.74318159907667,53.3
221795.0,5120.26,37.453274,5130.876000000001,37.4596892,5111.8251330756475,37.75110715752228,53.3
221845.0,5119.74,37.449268,5129.944,37.4580855,5111.127527732851,37.75641128073638,53.3
221895.0,5127.5,37.445263,5129.633,37.4564826,5110.801125401677,37.75744380710903,53.3
221945.0,5133.73,37.449268,5129.581,37.455280200000004,5110.666979572724,37.75693417472059,53.3
221995.0,5122.32,37.449268,5128.129,37.45407780000001,5109.695917030959,37.76604785451518,53.3
222045.0,5125.95,37.449268,5127.299,37.4528754,5109.096459348018,37.77088091294286,53.3
222095.0,5133.21,37.445263,5127.610999999999,37.4512725,5109.142180535146,37.767621555949454,53.3
222145.0,5130.61,37.453274,5127.974,37.450470700000004,5109.293361031669,37.76449143233399,53.3
222195.0,5128.02,37.453274,5127.299000000001,37.450069400000004,5108.861518241649,37.76873716096029,53.3
222245.0,5124.39,37.449268,5126.572999999999,37.449668800000005,5108.399128007445,37.77333167628053,53.3
222295.0,5130.09,37.449268,5127.556,37.449268200000006,5108.958282938431,37.7661761587606,53.3
222345.0,5135.29,37.453274,5129.110999999999,37.449668800000005,5109.934449183398,37.7555710810393,53.3
222395.0,5126.98,37.453274,5129.058999999999,37.45046990000001,5109.987611277141,37.75625741894346,53.3
222445.0,5127.5,37.453274,5128.436,37.45087050000001,5109.661943320134,37.760629513192235,53.3
222495.0,5137.36,37.453274,5129.9400000000005,37.45127110000001,5110.607693189297,37.7503787329938,53.3
222545.0,5130.09,37.453274,5130.353999999999,37.451671700000006,5110.90208560757,37.74762590512181,53.3
222595.0,5133.73,37.453274,5130.406,37.4524728,5111.017537661769,37.74760250955414,53.3
222645.0,5126.46,37.449268,5129.991,37.4520722,5110.74150037174,37.75007134678004,53.3
222695.0,5128.54,37.449268,5130.043,37.451671600000005,5110.744573352573,37.74932869000429,53.3
222745.0,5138.41,37.449268,5131.445,37.451671600000005,5111.592151802862,37.73954584469988,53.3
222795.0,5122.32,37.445263,5130.668,37.4512711,5111.099925447579,37.74450689234793,53.3
222845.0,5135.8,37.441254,5130.719,37.4500691,5111.027670158446,37.743294554514755,53.3
222895.0,5126.46,37.437252,5130.667,37.44846690000001,5110.856505329873,37.74255106706204,53.3
222945.0,5128.02,37.437252,5130.719,37.446864700000006,5110.747567340348,37.741092332987776,53.3
222995.0,5121.29,37.433243,5129.112,37.4448616,5109.60946267913,37.75079792957846,53.3
223045.0,5119.74,37.437252,5128.076999999999,37.4432594,5108.850533429382,37.756805619755,53.3
223095.0,5129.57,37.441254,5127.661,37.4420574,5108.498905844902,37.75879390604561,53.3
223145.0,5131.65,37.445263,5128.18,37.441656900000005,5108.781086672955,37.75483265569746,53.3
223195.0,5125.43,37.457287,5127.869000000001,37.442458800000004,5108.679523228275,37.75729747322944,53.3
223245.0,5122.84,37.461292,5126.312,37.4436612,5107.870386060609,37.768566021328255,53.3
223295.0,5122.32,37.457287,5126.312,37.444863600000005,5107.991687883048,37.769126890196915,53.3
223345.0,5126.46,37.453274,5125.378,37.446065600000004,5107.554524562794,37.77610825250122,53.3
223395.0,5131.13,37.445263,5125.844999999999,37.4468667,5107.917207482892,37.7732167010081,53.3
223445.0,5126.46,37.433243,5125.689,37.4464658,5107.795195422736,37.77389096166595,53.3
223495.0,5131.65,37.433243,5126.725,37.4464658,5108.423219434501,37.76661059421026,53.3
223545.0,5125.43,37.429237,5127.294,37.4456643,5108.697373155779,37.762064855024626,53.3
223595.0,5128.02,37.429237,5127.139,37.444462599999994,5108.501454100916,37.762258561288114,53.3
223645.0,5130.09,37.425232,5126.983,37.4424595,5108.230080216198,37.76197944716831,53.3
223695.0,5122.84,37.425232,5126.723999999999,37.439254,5107.7848456023685,37.761688780698535,53.3
223745.0,5119.74,37.429237,5126.413999999999,37.4360485,5107.30920787446,37.76174735518419,53.3
223795.0,5134.25,37.429237,5127.607,37.433243499999996,5107.769586552843,37.75171216442031,53.3
223845.0,5125.95,37.425232,5127.556,37.4304393,5107.486701865145,37.7502323363415,53.3
223895.0,5118.71,37.429237,5126.313999999999,37.4288367,5106.604183488672,37.75765727412218,53.3
223945.0,5119.22,37.425232,5125.59,37.4280356,5106.106039265982,37.76199632226466,53.3
223995.0,5134.25,37.429237,5125.85,37.427634999999995,5106.233453369645,37.75980832671231,53.3
224045.0,5127.5,37.425232,5126.057000000001,37.4272345,5106.329251806522,37.757985655828655,53.3
224095.0,5125.95,37.429237,5125.85,37.4272345,5106.215019742921,37.75924903315225,53.3
224145.0,5121.29,37.429237,5124.969999999999,37.427634999999995,5105.735823719078,37.76537754483046,53.3
224195.0,5120.77,37.429237,5124.763000000001,37.4280355,5105.6587622942725,37.76687713379141,53.3
224245.0,5128.54,37.429237,5125.643,37.4280355,5106.194045413772,37.76066474320767,53.3
224295.0,5123.88,37.425232,5124.606,37.427634999999995,5105.546053548208,37.76739356887272,53.3
224345.0,5114.58,37.425232,5123.469,37.427634999999995,5104.875505847648,37.775045875095344,53.3
224395.0,5114.06,37.421223,5123.004000000001,37.426833599999995,5104.531590919094,37.7775961181369,53.3
224445.0,5117.67,37.421223,5122.848999999999,37.4264327,5104.410354949616,37.77825329699453,53.3
224495.0,5115.61,37.425232,5120.985,37.426032199999995,5103.267464041897,37.790658068577756,53.3
224545.0,5117.16,37.425232,5119.951000000001,37.426032199999995,5102.657829668917,37.797590723130284,53.3
224595.0,5114.06,37.429237,5118.762,37.426032199999995,5101.9553257391235,37.80558561608997,53.3
224645.0,5114.58,37.429237,5118.091,37.426032199999995,5101.562254333035,37.81001599096781,53.3
224695.0,5122.32,37.433243,5118.246,37.4264328,5101.700270667411,37.80900583063599,53.3
224745.0,5115.09,37.437252,5116.901,37.427234299999995,5100.979019382232,37.81854721243764,53.3
224795.0,5118.19,37.437252,5116.332,37.4284363,5100.758790034289,37.82298963901645,53.3
224845.0,5117.67,37.437252,5116.6410000000005,37.4296383,5101.063274152019,37.821395163584455,53.3
224895.0,5107.37,37.437252,5115.972,37.4312412,5100.820546216761,37.826764631849834,53.3
224945.0,5113.55,37.437252,5115.56,37.4328441,5100.731249992996,37.83036574965432,53.3
224995.0,5118.71,37.441254,5115.870000000001,37.434446300000005,5101.073354937072,37.829002496484826,53.3
225045.0,5111.48,37.441254,5115.302000000001,37.436048500000005,5100.890557397035,37.833676197274166,53.3
225095.0,5110.97,37.441254,5114.993,37.43725020000001,5100.824989432354,37.83632870724736,53.3
225145.0,5117.67,37.441254,5115.302000000001,37.438451900000004,5101.128753074573,37.8347324293132,53.3
225195.0,5110.97,37.441254,5114.1669999999995,37.439253,5100.5318407771265,37.84282427655672,53.3
225245.0,5098.64,37.441254,5112.522,37.4396532,5099.592326730287,37.854178858755695,53.3
225295.0,5116.64,37.445263,5112.367,37.440454300000006,5099.580675884998,37.85552557872613,53.3
225345.0,5113.55,37.445263,5111.955,37.4412554,5099.415314852703,37.85863877515457,53.3
225395.0,5105.83,37.441254,5111.801,37.441655600000004,5099.366614998519,37.859737783480625,53.3
225445.0,5125.95,37.441254,5113.041,37.442055800000006,5100.151218734275,37.851254062672574,53.3
225495.0,5113.03,37.441254,5112.473,37.442055800000006,5099.817793939394,37.85496378710081,53.3
225545.0,5124.39,37.433243,5113.764,37.4412547,5100.520750604783,37.84541397718549,53.3
225595.0,5113.03,37.437252,5113.969999999999,37.4408545,5100.612808262451,37.843566483826464,53.3
225645.0,5118.71,37.441254,5114.074,37.4408545,5100.681329642149,37.842660174053535,53.3
225695.0,5109.94,37.441254,5113.9710000000005,37.4408545,5100.626116877069,37.84317732529363,53.3
225745.0,5108.4,37.445263,5114.947000000001,37.4412554,5101.25337737326,37.83651682552318,53.3
225795.0,5128.02,37.445263,5116.085000000001,37.4412554,5101.9401912239355,37.828506496308,53.3
225845.0,5110.46,37.449268,5115.776,37.4416559,5101.799594053745,37.830686315996275,53.3
225895.0,5116.13,37.449268,5116.806,37.4424573,5102.496844728176,37.82390060932299,53.3
225945.0,5113.55,37.441254,5115.566,37.4424573,5101.7623346693645,37.83224373006846,53.3
225995.0,5112.0,37.433243,5115.463000000001,37.4416562,5101.632453333662,37.832288208222984,53.3
226045.0,5110.97,37.433243,5114.121000000001,37.4416562,5100.836733265027,37.84132831307335,53.3
226095.0,5113.03,37.421223,5114.121,37.4400533,5100.6932642497695,37.8401809253572,53.3
226145.0,5101.21,37.429237,5112.371,37.4388516,5099.541166365321,37.85130296311808,53.3
226195.0,5112.52,37.421223,5112.628999999999,37.436848499999996,5099.5143228965335,37.84813694360871,53.3
226245.0,5103.26,37.421223,5112.115,37.4344445,5098.988642334969,37.85003872349737,53.3
226295.0,5110.46,37.417213,5110.3589999999995,37.4316395,5097.683013151099,37.86023649957335,53.3
226345.0,5109.94,37.417213,5110.307,37.428433999999996,5097.358427468412,37.85847529837993,53.3
226395.0,5119.74,37.417213,5110.668,37.4252285,5097.280865147937,37.853874497255,53.3
226445.0,5109.43,37.413208,5110.255999999999,37.4224239,5096.778851154306,37.85482781465406,53.3
226495.0,5118.19,37.409206,5110.875000000001,37.420020199999996,5096.930679120141,37.84893189300222,53.3
226545.0,5112.52,37.409206,5111.030000000001,37.417616499999994,5096.805338090629,37.84622730919157,53.3
226595.0,5119.22,37.405197,5111.649,37.416013899999996,5097.032357398117,37.84081227414609,53.3
226645.0,5119.22,37.401196,5113.45,37.41320979999999,5097.853920690725,37.82655562762301,53.3
226695.0,5107.37,37.401196,5112.935,37.4112071,5097.366276553571,37.82870404865403,53.3
226745.0,5113.03,37.405197,5113.912,37.40960449999999,5097.807935902294,37.82083358261005,53.3
226795.0,5117.67,37.409206,5114.633,37.4088038,5098.171723154724,37.81520532114614,53.3
226845.0,5120.26,37.413208,5115.665,37.408403299999996,5098.758984917571,37.807680805780755,53.3
226895.0,5126.98,37.413208,5116.389,37.4080028,5099.162325086061,37.802276960392064,53.3
226945.0,5131.65,37.417213,5118.611000000001,37.408403299999996,5100.5361736623245,37.787056933586,53.3
226995.0,5132.17,37.413208,5120.009,37.4088035,5101.417789523807,37.77750843624607,53.3
227045.0,5121.29,37.413208,5120.8859999999995,37.4092037,5101.988182467286,37.77154611662934,53.3
227095.0,5119.74,37.417213,5120.938,37.4104053,5102.140392251024,37.77173711944798,53.3
227145.0,5121.29,37.417213,5121.1449999999995,37.412007,5102.422592834145,37.7711023673895,53.3
227195.0,5130.61,37.409206,5123.469,37.412808,5103.895517239228,37.75543749527113,53.3
227245.0,5121.29,37.401196,5124.295,37.41240789999999,5104.361094043783,37.749359853273276,53.3
227295.0,5125.43,37.385174,5125.071,37.4100047,5104.609797598631,37.74243116950138,53.3
227345.0,5117.67,37.381168,5124.812,37.4068007,5104.165188833324,37.74214069695507,53.3
227395.0,5124.91,37.385174,5124.6050000000005,37.4039973,5103.7891761355795,37.741730963514186,53.3
227445.0,5117.67,37.385174,5123.206999999999,37.400793400000005,5102.663824190983,37.7492678836484,53.3
227495.0,5126.98,37.389179,5122.688,37.398390500000005,5102.138654505492,37.75123632500876,53.3
227545.0,5120.77,37.393181,5122.636,37.3963878,5101.9300520613,37.75023181402845,53.3
227595.0,5109.94,37.397186,5121.656000000001,37.394385099999994,5101.1667478005575,37.75560613740529,53.3
227645.0,5128.54,37.393181,5122.381,37.3919819,5101.385190649506,37.74901722459571,53.3
227695.0,5128.02,37.393181,5122.122,37.39037940000001,5101.090425783598,37.74967318857993,53.3
227745.0,5113.55,37.393181,5121.348000000001,37.389577900000006,5100.56263597028,37.75434722230166,53.3
227795.0,5114.06,37.389179,5120.211,37.389978400000004,5099.930022453374,37.76223267885421,53.3
227845.0,5119.74,37.381168,5120.418,37.389978400000004,5100.063211431024,37.760636422882925,53.3
227895.0,5121.29,37.373161,5120.056,37.38877709999999,5099.744039002821,37.76223424171825,53.3
227945.0,5123.36,37.365154,5120.625,37.3867751,5099.906596998855,37.75695231595466,53.3
227995.0,5113.03,37.369156,5119.2300000000005,37.3847728,5098.8952082565165,37.76517269483803,53.3
228045.0,5115.09,37.365154,5118.661999999999,37.381970100000004,5098.303246976917,37.76722497310942,53.3
228095.0,5127.5,37.365154,5120.418,37.3787669,5099.0631893129375,37.75306006700689,53.3
228145.0,5109.43,37.365154,5118.507,37.375964200000006,5097.715726895241,37.76466934451987,53.3
228195.0,5114.58,37.365154,5117.163,37.3731615,5096.726316715313,37.77253284472977,53.3
228245.0,5118.19,37.361153,5117.627,37.3699587,5096.790523772976,37.76776065421319,53.3
228295.0,5126.98,37.465305,5118.919,37.3775713,5098.279975807432,37.763197747720575,53.3
228345.0,5159.83,37.69817,5122.928,37.4092715,5103.631985417334,37.75426243949946,53.3
228395.0,5164.56,37.730343,5127.255,37.444989699999994,5109.5468554916715,37.74555024296894,53.3
228445.0,5164.56,37.826954,5131.375,37.49116969999999,5116.309428548305,37.74454350171301,53.3
228495.0,5164.56,37.919659,5136.527999999999,37.546220000000005,5124.512609588586,37.74172204974597,53.3
228545.0,5164.56,37.939823,5141.475,37.6036869,5132.8157968038795,37.74179580487358,53.3
228595.0,5164.56,37.935787,5145.181,37.660750199999995,5140.338041304005,37.75023176640875,53.3
228645.0,5164.56,37.843071,5150.694,37.7085419,5148.077178584502,37.74065883674188,53.3
228695.0,5164.56,37.750458,5155.692,37.7470723,5154.646784066636,37.729135222674245,53.3
228745.0,5164.56,37.678062,5160.329,37.7787632,5160.36427558451,37.71604096575028,53.3
228795.0,5143.61,37.529469,5161.992,37.7851796,5161.95467959046,37.708412206939315,53.3
228845.0,5126.46,37.421223,5158.655000000001,37.7574849,5157.386198842251,37.71495444925753,53.3
228895.0,5122.32,37.393181,5154.431,37.723768699999994,5151.728463544434,37.72401150913727,53.3
228945.0,5126.98,37.385174,5150.673000000001,37.679590700000006,5145.377777159018,37.723574014092584,53.3
228995.0,5155.64,37.61377,5149.781,37.64900179999999,5142.004412736018,37.71143227669743,53.3
229045.0,5161.4,37.690125,5149.465,37.624032,5139.498698114172,37.698660301190756,53.3
229095.0,5164.56,37.778633,5149.465,37.60831660000001,5138.042887729494,37.689231129489364,53.3
229145.0,5164.56,37.851124,5149.464999999999,37.609121900000005,5138.122976426336,37.68967532687441,53.3
229195.0,5164.56,37.927719,5149.464999999999,37.62684800000001,5139.775438490045,37.70023513326118,53.3
229245.0,5164.56,37.984207,5149.464999999999,37.657462499999994,5142.624829914253,37.71850306369626,53.3
229295.0,5164.56,38.00843,5151.5599999999995,37.7053586,5148.331264549257,37.73262858130004,53.3
229345.0,5164.56,38.05286,5155.37,37.768522299999994,5156.48006958692,37.744043820412635,53.3
229395.0,5164.56,38.064976,5159.593999999999,37.8357018,5165.247556671571,37.755022201091556,53.3
229445.0,5164.56,38.064976,5163.352000000001,37.903681999999996,5173.808788809665,37.76972568730635,53.3
229495.0,5164.56,38.032661,5164.244000000001,37.9455711,5178.2299070269155,37.788663914355645,53.3
229545.0,5164.56,38.004398,5164.5599999999995,37.9769984,5181.332879091108,37.805339385730946,53.3
229595.0,5164.56,37.964031,5164.5599999999995,37.99553819999999,5183.048061272449,37.816501288177776,53.3
229645.0,5164.56,37.911591,5164.5599999999995,38.0015849,5183.601503590127,37.82019803879128,53.3
229695.0,5164.56,37.835011,5164.5599999999995,37.9923141,5182.731272152082,37.81473888291254,53.3
229745.0,5162.98,37.746437,5164.402,37.968537100000006,5180.418956495305,37.80169799634679,53.3
229795.0,5162.46,37.70219,5164.192000000001,37.9379131,5177.440264970437,37.78491835594287,53.3
229845.0,5140.49,37.485348,5161.785000000001,37.8811619,5170.721505483731,37.76769747904288,53.3
229895.0,5123.88,37.433243,5157.717,37.81798859999999,5162.414963583328,37.75809905802485,53.3
229945.0,5125.43,37.433243,5153.804,37.7548153,5154.203018446988,37.74740490397119,53.3
229995.0,5129.06,37.433243,5150.254,37.6948735,5146.5103372492185,37.736109799763675,53.3
230045.0,5131.13,37.429237,5146.911,37.6373574,5139.168707334395,37.724811968699136,53.3
230095.0,5129.57,37.433243,5143.411999999999,37.5842786,5132.147991072721,37.7172239058329,53.3
230145.0,5129.57,37.429237,5139.9130000000005,37.5360432,5125.578965889141,37.71251056236079,53.3
230195.0,5122.32,37.429237,5135.689,37.4954658,5119.289569254616,37.717366168939506,53.3
230245.0,5120.77,37.429237,5131.468000000001,37.463745800000005,5113.826005416835,37.727475426482236,53.3
230295.0,5129.57,37.429237,5128.179,37.4364505,5109.331340320864,37.73376944703161,53.3
230345.0,5121.81,37.429237,5126.311,37.4308394,5107.701779850514,37.74319021505241,53.3
230395.0,5133.73,37.429237,5127.295999999999,37.430438800000005,5108.261856378956,37.73600101195324,53.3
230445.0,5125.95,37.433243,5127.348,37.430438800000005,5108.3015942807415,37.73550272980634,53.3
230495.0,5131.65,37.429237,5127.607,37.4300382,5108.427852990605,37.73333460533434,53.3
230545.0,5122.32,37.425232,5126.726000000001,37.4296377,5107.872676334906,37.73904634890517,53.3
230595.0,5115.61,37.429237,5125.33,37.4292371,5107.009467583573,37.74831466977225,53.3
230645.0,5120.77,37.429237,5124.45,37.4292371,5106.491709197676,37.75425189130254,53.3
230695.0,5123.36,37.425232,5124.554000000001,37.4288366,5106.524807726997,37.75314628914249,53.3
230745.0,5125.95,37.425232,5125.072,37.4284361,5106.8054270129705,37.7491797706176,53.3
230795.0,5127.5,37.433243,5124.865,37.4288367,5106.72718464263,37.75070457376685,53.3
230845.0,5126.98,37.429237,5125.3820000000005,37.4288367,5107.0444656493955,37.74698562611413,53.3
230895.0,5128.02,37.429237,5124.811,37.4288367,5106.711418964492,37.750787990672,53.3
230945.0,5123.36,37.429237,5124.552000000001,37.4284361,5106.527549606139,37.75219287327839,53.3
230995.0,5129.06,37.429237,5124.293,37.4284361,5106.380869729393,37.75383648711992,53.3
231045.0,5120.26,37.429237,5124.087,37.4288366,5106.303037051871,37.75535254371923,53.3
231095.0,5126.98,37.429237,5125.224,37.4288366,5106.990779710297,37.74734677258488,53.3
231145.0,5133.21,37.429237,5126.468,37.4288366,5107.74268689928,37.738605165820516,53.3
231195.0,5131.65,37.429237,5127.2970000000005,37.4292371,5108.283940497453,37.73297520976748,53.3
231245.0,5138.41,37.429237,5128.543,37.4296376,5109.074605473729,37.72446599427562,53.3
231295.0,5130.61,37.429237,5128.853999999999,37.429237,5109.232077555284,37.72194409010315,53.3
231345.0,5129.06,37.429237,5129.062,37.429237,5109.365267993616,37.72037455493683,53.3
231395.0,5128.54,37.429237,5129.114,37.429237,5109.405230330685,37.71988396116225,53.3
231445.0,5123.88,37.425232,5129.165999999999,37.4288365,5109.407976159644,37.719154225940976,53.3
231495.0,5127.5,37.429237,5129.01,37.4288365,5109.323614377987,37.72010168640411,53.3
231545.0,5117.67,37.429237,5128.750999999999,37.4288365,5109.177642322947,37.72176065183287,53.3
231595.0,5131.13,37.429237,5129.165999999999,37.4288365,5109.434536805384,37.718760658080576,53.3
231645.0,5123.36,37.429237,5128.181,37.4288365,5108.854569886316,37.72543801026985,53.3
231695.0,5126.98,37.429237,5127.714,37.4288365,5108.584080525176,37.728532323452654,53.3
231745.0,5125.43,37.429237,5126.415999999999,37.4288365,5107.816722310329,37.73736866996804,53.3
231795.0,5124.39,37.425232,5125.794,37.428436,5107.416020824001,37.74128959091068,53.3
231845.0,5124.39,37.425232,5125.327,37.4280355,5107.1078761966455,37.74413736986942,53.3
231895.0,5120.77,37.429237,5124.55,37.4280355,5106.6515548708785,37.749365707764404,53.3
231945.0,5139.97,37.433243,5126.1590000000015,37.4288366,5107.695895563345,37.73858008437118,53.3
231995.0,5119.74,37.425232,5125.383,37.4284361,5107.2030561902175,37.743565069074286,53.3
232045.0,5133.21,37.429237,5126.937,37.4284361,5108.140190952816,37.732683573369236,53.3
232095.0,5125.43,37.429237,5126.367,37.4284361,5107.807859646081,37.736486819151295,53.3
232145.0,5127.5,37.425232,5126.781000000001,37.4280356,5108.026440574162,37.733248187187364,53.3
232195.0,5112.52,37.429237,5125.335000000001,37.4280356,5107.170405584963,37.74310551091571,53.3
232245.0,5118.71,37.425232,5124.663000000001,37.427635099999996,5106.739586210465,37.74736964376473,53.3
232295.0,5123.36,37.425232,5124.5599999999995,37.427635099999996,5106.686024548168,37.74793858817346,53.3
232345.0,5120.77,37.429237,5124.198000000001,37.4280356,5106.514823807162,37.75053681688052,53.3
232395.0,5126.46,37.429237,5124.767000000001,37.4280356,5106.862872572729,37.746460189165916,53.3
232445.0,5129.06,37.429237,5123.676,37.427634999999995,5106.181433102785,37.75361889949771,53.3
