file,Material,Inductor,Experiment,x_col,y_col,manual_label,window_start_x,window_end_x,window_start_raw_idx,window_end_raw_idx,peak_index_in_clean_series,peak_raw_idx,peak_x,peak_y,noise_floor,noise_sigma,peak_signal_amplitude,peak_snr_linear,peak_snr_db
3.2mhz_alum.csv,Aluminum,4-Layer,Linear Actuator,sensor1, sensor2,Crack 1,5478.672,5463.724,530,642,595,595,5462.076,2.981226,2.976696005,0.001023772,0.004529995,4.424807769,12.91788816
3.2mhz_alum.csv,Aluminum,4-Layer,Linear Actuator,sensor1, sensor2,Crack 1,5476.839,5480.781,766,876,833,833,5468.206,2.981564,2.976449893,0.001023772,0.005114107,4.9953568,13.97133027
3.2mhz_alum.csv,Aluminum,4-Layer,Linear Actuator,sensor1, sensor2,Crack 2,5509.325,5488.074,328,460,393,393,5475.149,2.989551,2.976003958,0.001023772,0.013547042,13.23247773,22.43282344
3.2mhz_alum.csv,Aluminum,4-Layer,Linear Actuator,sensor1, sensor2,Crack 2,5491.024,5508.869,969,1096,1032,1032,5480.377,2.989432,2.975626436,0.001023772,0.013805564,13.48499725,22.59701724
3.2mhz_alum.csv,Aluminum,4-Layer,Linear Actuator,sensor1, sensor2,Crack 3,5542.718,5522.04,129,252,195,195,5488.263,3.001545,2.974768799,0.001023772,0.026776201,26.15445438,28.35091329
3.2mhz_alum.csv,Aluminum,4-Layer,Linear Actuator,sensor1, sensor2,Crack 3,5519.794,5541.904,1161,1288,1226,1226,5490.681,3.001835,2.974917816,0.001023772,0.026917184,26.29216367,28.39652654
3.2mhz_ss.csv,Stainless Steel,4-Layer,Linear Actuator,sensor1, sensor2,Crack 1,4526.191,4489.369,570,678,610,610,4508.799,2.980462,2.976571284,0.000673581,0.003890716,5.776168067,15.23279643
3.2mhz_ss.csv,Stainless Steel,4-Layer,Linear Actuator,sensor1, sensor2,Crack 1,4536.442,4577.392,811,928,867,867,4552.966,2.980564,2.976622543,0.000673581,0.003941457,5.851497753,15.34534085
3.2mhz_ss.csv,Stainless Steel,4-Layer,Linear Actuator,sensor1, sensor2,Crack 2,4650.924,4570.007,343,472,412,412,4567.979,2.993445,2.976450737,0.000673581,0.016994263,25.22973099,28.0382524
3.2mhz_ss.csv,Stainless Steel,4-Layer,Linear Actuator,sensor1, sensor2,Crack 2,4626.698,4694.834,1040,1183,1103,1103,4625.643,2.993586,2.976381016,0.000673581,0.017204984,25.54256655,28.14529067
3.2mhz_ss.csv,Stainless Steel,4-Layer,Linear Actuator,sensor1, sensor2,Crack 3,4774.025,4687.814,108,272,193,193,4644.031,3.014054,2.975868006,0.000673581,0.038185994,56.69103385,35.07028754
3.2mhz_ss.csv,Stainless Steel,4-Layer,Linear Actuator,sensor1, sensor2,Crack 3,4737.256,4828.874,1255,1416,1339,1339,4695.111,3.013147,2.975451738,0.000673581,0.037695262,55.96249148,34.95794082
3.2mhz_titan.csv,Titanium,4-Layer,Linear Actuator,sensor1, sensor2,Crack 1,4152.339,4127.445,540,668,615,615,4136.669,3.02534,3.023080437,0.000429879,0.002259563,5.256274248,14.41356033
3.2mhz_titan.csv,Titanium,4-Layer,Linear Actuator,sensor1, sensor2,Crack 1,4161.889,4186.149,809,931,840,840,4166.798,3.025328,3.023171887,0.000429879,0.002156113,5.015624814,14.00650085
3.2mhz_titan.csv,Titanium,4-Layer,Linear Actuator,sensor1, sensor2,Crack 2,4200.904,4167.821,338,464,405,405,4162.973,3.037155,3.022760904,0.000429879,0.014394096,33.48405092,30.49675987
3.2mhz_titan.csv,Titanium,4-Layer,Linear Actuator,sensor1, sensor2,Crack 2,4201.169,4240.166,1014,1152,1071,1071,4198.781,3.037045,3.022771338,0.000429879,0.014273662,33.20389376,30.42378031
3.2mhz_titan.csv,Titanium,4-Layer,Linear Actuator,sensor1, sensor2,Crack 3,4287.174,4219.618,105,266,192,192,4175.685,3.059826,3.022962159,0.000429879,0.036863841,85.75396021,38.66508371
3.2mhz_titan.csv,Titanium,4-Layer,Linear Actuator,sensor1, sensor2,Crack 3,4259.861,4294.623,1219,1353,1284,1284,4205.212,3.058619,3.022929528,0.000429879,0.035689472,83.02210307,38.38387461
alum_1.csv,Aluminum,4-Layer,EC-ECLAIR,sensor1, sensor2,Crack 1,4903.455,4930.162,412,488,445,445,4882.809,2.540863,2.536566422,0.001464383,0.004296578,2.934053116,9.349359435
alum_1.csv,Aluminum,4-Layer,EC-ECLAIR,sensor1, sensor2,Crack 2,4822.952,4855.144,539,611,579,579,4793.766,2.553764,2.535675215,0.001464383,0.018088785,12.35249478,21.83509358
alum_1.csv,Aluminum,4-Layer,EC-ECLAIR,sensor1, sensor2,Crack 3,4869.669,4799.852,683,759,722,722,4748.902,2.570163,2.536104383,0.001464383,0.034058617,23.25799559,27.33144568
alum_2.csv,Aluminum,4-Layer,EC-ECLAIR,sensor1, sensor2,Crack 1,4871.179,4891.987,371,463,412,412,4854.587,2.566633,2.560790941,0.001196227,0.005842059,4.88373739,13.77504606
alum_2.csv,Aluminum,4-Layer,EC-ECLAIR,sensor1, sensor2,Crack 2,4871.113,4899.713,516,587,549,549,4832.147,2.57807,2.560614088,0.001196227,0.017455912,14.59247287,23.28257789
alum_2.csv,Aluminum,4-Layer,EC-ECLAIR,sensor1, sensor2,Crack 3,4807.804,4824.374,638,720,678,678,4744.972,2.594089,2.560419402,0.001196227,0.033669598,28.14649269,28.98848571
alum_3.csv,Aluminum,4-Layer,EC-ECLAIR,sensor1, sensor2,Crack 1,4993.043,4908.476,389,482,436,436,4911.83,2.62786,2.621490205,0.002633018,0.006369795,2.419199059,7.673432096
alum_3.csv,Aluminum,4-Layer,EC-ECLAIR,sensor1, sensor2,Crack 2,5061.426,4969.595,547,646,590,590,4855.654,2.638914,2.62125189,0.002633018,0.01766211,6.70793344,16.53177489
alum_3.csv,Aluminum,4-Layer,EC-ECLAIR,sensor1, sensor2,Crack 3,4931.447,4851.629,729,836,785,785,4786.921,2.655972,2.61722379,0.002633018,0.03874821,14.71627234,23.35595633
alum_5.csv,Aluminum,4-Layer,EC-ECLAIR,sensor1, sensor2,Crack 1,4952.848,4842.079,391,460,428,428,4825.225,2.543727,2.540936132,0.002919109,0.002790868,0.956068256,-0.390222025
alum_5.csv,Aluminum,4-Layer,EC-ECLAIR,sensor1, sensor2,Crack 2,4856.25,4871.592,516,590,552,552,4830.207,2.555012,2.537384696,0.002919109,0.017627304,6.038590095,15.61871101
alum_5.csv,Aluminum,4-Layer,EC-ECLAIR,sensor1, sensor2,Crack 3,4865.697,4772.476,651,729,691,691,4735.147,2.571122,2.5374565,0.002919109,0.0336655,11.53279882,21.23869433
alum_6.csv,Aluminum,4-Layer,EC-ECLAIR,sensor1, sensor2,Crack 1,4937.384,4890.859,323,391,354,354,4922.417,2.527174,2.521962435,0.001551831,0.005211565,3.358333497,10.52247643
alum_6.csv,Aluminum,4-Layer,EC-ECLAIR,sensor1, sensor2,Crack 2,4870.535,4886.201,460,531,497,497,4768.777,2.540068,2.522318302,0.001551831,0.017749698,11.43790862,21.16693245
alum_6.csv,Aluminum,4-Layer,EC-ECLAIR,sensor1, sensor2,Crack 3,4906.027,4774.832,590,668,627,627,4837.916,2.554939,2.522659809,0.001551831,0.032279191,20.80071602,26.3615657
alum_7.csv,Aluminum,4-Layer,EC-ECLAIR,sensor1, sensor2,Crack 1,4950.064,4839.865,392,467,426,426,4866.525,2.527177,2.522545569,0.002068295,0.004631431,2.239250352,7.002053024
alum_7.csv,Aluminum,4-Layer,EC-ECLAIR,sensor1, sensor2,Crack 2,4857.311,4935.354,524,603,566,566,4770.111,2.538596,2.5212164,0.002068295,0.0173796,8.402862327,18.48854496
alum_7.csv,Aluminum,4-Layer,EC-ECLAIR,sensor1, sensor2,Crack 3,4801.015,4757.897,643,722,683,683,4851.939,2.552457,2.521297156,0.002068295,0.031159844,15.06547234,23.55965505
alum_8.csv,Aluminum,4-Layer,EC-ECLAIR,sensor1, sensor2,Crack 1,4960.275,4878.314,417,514,454,454,4846.955,2.767419,2.762071295,0.000964826,0.005347705,5.542662706,14.87436901
alum_8.csv,Aluminum,4-Layer,EC-ECLAIR,sensor1, sensor2,Crack 2,4907.189,4846.774,553,634,591,591,4783.865,2.779258,2.761953012,0.000964826,0.017304988,17.93586267,25.0744454
alum_8.csv,Aluminum,4-Layer,EC-ECLAIR,sensor1, sensor2,Crack 3,4817.381,4847.241,680,756,720,720,4712.284,2.795083,2.762103376,0.000964826,0.032979624,34.18193669,30.67593331
ss_11.csv,Stainless Steel,4-Layer,EC-ECLAIR,sensor1, sensor2,Crack 1,3985.518,4047.926,377,453,407,407,4050.138,2.903894,2.8992121,0.005153837,0.0046819,0.908429916,-0.834171441
ss_11.csv,Stainless Steel,4-Layer,EC-ECLAIR,sensor1, sensor2,Crack 2,4009.965,3974.595,516,607,561,561,3996.541,2.920507,2.899026845,0.005153837,0.021480155,4.167798532,12.39813435
ss_11.csv,Stainless Steel,4-Layer,EC-ECLAIR,sensor1, sensor2,Crack 3,4049.348,3933.235,656,733,693,693,3848.65,2.939718,2.898454929,0.005153837,0.041263071,8.00628155,18.06861717
ss_12.csv,Stainless Steel,4-Layer,EC-ECLAIR,sensor1, sensor2,Crack 1,4081.63,3928.719,352,462,407,407,3985.318,2.857116,2.850734093,0.003758933,0.006381907,1.697797362,4.597717087
ss_12.csv,Stainless Steel,4-Layer,EC-ECLAIR,sensor1, sensor2,Crack 2,4063.141,4065.349,531,620,570,570,3940.514,2.874726,2.851513841,0.003758933,0.023212159,6.175198404,15.81301831
ss_12.csv,Stainless Steel,4-Layer,EC-ECLAIR,sensor1, sensor2,Crack 3,3939.838,3945.068,666,746,700,700,3837.471,2.899558,2.852367622,0.003758933,0.047190378,12.55419377,21.97577655
ss_4.csv,Stainless Steel,4-Layer,EC-ECLAIR,sensor1, sensor2,Crack 1,4181.378,4087.382,354,431,384,384,3996.381,2.831262,2.823136993,0.005940556,0.008125007,1.3677184,2.71993379
ss_4.csv,Stainless Steel,4-Layer,EC-ECLAIR,sensor1, sensor2,Crack 2,4086.094,4059.597,490,596,546,546,3869.934,2.847636,2.824161314,0.005940556,0.023474686,3.951597638,11.93545434
ss_4.csv,Stainless Steel,4-Layer,EC-ECLAIR,sensor1, sensor2,Crack 3,3993.866,3711.284,679,805,743,743,3811.919,2.874567,2.816707209,0.005940556,0.057859791,9.739794517,19.77099589
ss_6.csv,Stainless Steel,4-Layer,EC-ECLAIR,sensor1, sensor2,Crack 1,4170.183,3961.976,379,444,423,423,3880.871,2.630504,2.62894959,0.007044945,0.00155441,0.220641956,-13.12623801
ss_6.csv,Stainless Steel,4-Layer,EC-ECLAIR,sensor1, sensor2,Crack 2,4013.111,4008.805,524,605,563,563,3965.252,2.645063,2.623344955,0.007044945,0.021718045,3.082784084,9.778862163
ss_6.csv,Stainless Steel,4-Layer,EC-ECLAIR,sensor1, sensor2,Crack 3,4067.918,3973.056,661,737,698,698,3871.996,2.671451,2.624703759,0.007044945,0.046747241,6.635572043,16.43756737
ss_7.csv,Stainless Steel,4-Layer,EC-ECLAIR,sensor1, sensor2,Crack 1,4055.471,3983.801,282,355,320,320,4065.956,2.801762,2.796737584,0.005435513,0.005024416,0.92436833,-0.683098852
ss_7.csv,Stainless Steel,4-Layer,EC-ECLAIR,sensor1, sensor2,Crack 2,3989.461,3968.565,430,510,470,470,3964.347,2.817046,2.796078978,0.005435513,0.020967022,3.857413916,11.72592486
ss_7.csv,Stainless Steel,4-Layer,EC-ECLAIR,sensor1, sensor2,Crack 3,4016.348,3961.011,573,653,613,613,3852.37,2.840254,2.795716667,0.005435513,0.044537333,8.193768714,18.26967402
ss_8.csv,Stainless Steel,4-Layer,EC-ECLAIR,sensor1, sensor2,Crack 1,4054.578,4081.94,402,473,439,439,3936.797,2.82845,2.827756017,0.00590733,0.000693983,0.117478266,-18.60084946
ss_8.csv,Stainless Steel,4-Layer,EC-ECLAIR,sensor1, sensor2,Crack 2,4037.847,4077.257,538,637,583,583,3952.65,2.842668,2.822288194,0.00590733,0.020379806,3.449918502,10.75617671
ss_8.csv,Stainless Steel,4-Layer,EC-ECLAIR,sensor1, sensor2,Crack 3,4011.724,3947.104,682,761,723,723,3903.207,2.86503,2.821830882,0.00590733,0.043199118,7.312799771,17.28167365
ss_9.csv,Stainless Steel,4-Layer,EC-ECLAIR,sensor1, sensor2,Crack 1,4178.217,3973.727,421,495,459,459,3902.826,2.659611,2.659473656,0.006313661,0.000137344,0.021753414,-33.24945161
ss_9.csv,Stainless Steel,4-Layer,EC-ECLAIR,sensor1, sensor2,Crack 2,3972.527,3990.636,558,630,599,599,3941.045,2.675364,2.653329336,0.006313661,0.022034664,3.489997762,10.85650297
ss_9.csv,Stainless Steel,4-Layer,EC-ECLAIR,sensor1, sensor2,Crack 3,3994.403,3964.076,679,760,721,721,3884.542,2.698609,2.654633442,0.006313661,0.043975558,6.965143701,16.85860162
titan_1.csv,Titanium,4-Layer,EC-ECLAIR,sensor1, sensor2,Crack 1,3470.676,3520.726,378,527,440,440,3332.587,2.67222,2.669894767,0.007127493,0.002325233,0.3262343,-9.72940759
titan_1.csv,Titanium,4-Layer,EC-ECLAIR,sensor1, sensor2,Crack 2,3528.713,3502.455,571,674,626,626,3345.027,2.68328,2.660173475,0.007127493,0.023106525,3.241886609,10.21595641
titan_1.csv,Titanium,4-Layer,EC-ECLAIR,sensor1, sensor2,Crack 3,3447.272,3414.181,752,871,812,812,3182.927,2.714559,2.666035921,0.007127493,0.048523079,6.807874452,16.66023076
titan_2.csv,Titanium,4-Layer,EC-ECLAIR,sensor1, sensor2,Crack 1,3438.952,3486.111,362,482,422,422,3350.676,2.649929,2.648005069,0.005881785,0.001923931,0.327099834,-9.706393533
titan_2.csv,Titanium,4-Layer,EC-ECLAIR,sensor1, sensor2,Crack 2,3458.097,3320.798,541,638,595,595,3287.321,2.664366,2.639728423,0.005881785,0.024637577,4.188792425,12.44177679
titan_2.csv,Titanium,4-Layer,EC-ECLAIR,sensor1, sensor2,Crack 3,3478.418,3189.122,730,860,782,782,3284.647,2.693105,2.648924565,0.005881785,0.044180435,7.511398869,17.51441649
titan_4.csv,Titanium,4-Layer,EC-ECLAIR,sensor1, sensor2,Crack 1,3445.003,3558.835,325,461,423,423,3373.503,2.753582,2.749276346,0.004841926,0.004305654,0.889244172,-1.019579447
titan_4.csv,Titanium,4-Layer,EC-ECLAIR,sensor1, sensor2,Crack 2,3550.109,3492.707,493,597,552,552,3435.741,2.761742,2.746782859,0.004841926,0.014959141,3.089502245,9.797770303
titan_4.csv,Titanium,4-Layer,EC-ECLAIR,sensor1, sensor2,Crack 3,3435.715,3388.934,659,782,721,721,3305.874,2.788408,2.743541113,0.004841926,0.044866887,9.266330616,19.33815583
titan_7.csv,Titanium,4-Layer,EC-ECLAIR,sensor1, sensor2,Crack 1,3484.288,3334.126,322,425,398,398,3344.663,2.84486,2.841359729,0.005274844,0.003500271,0.663578087,-3.562159272
titan_7.csv,Titanium,4-Layer,EC-ECLAIR,sensor1, sensor2,Crack 2,3436.637,3463.266,492,589,531,531,3454.731,2.852862,2.8400285,0.005274844,0.0128335,2.432963137,7.722710577
titan_7.csv,Titanium,4-Layer,EC-ECLAIR,sensor1, sensor2,Crack 3,3457.075,3330.102,642,773,701,701,3361.501,2.874634,2.837675066,0.005274844,0.036958934,7.006640759,16.91019702
