file,speed,delay,x_col,y_col,manual_label,window_start_x,window_end_x,window_start_raw_idx,window_end_raw_idx,peak_index_in_clean_series,peak_raw_idx,peak_x,peak_y,noise_floor,noise_sigma,peak_signal_amplitude,peak_snr_linear,peak_snr_db
speed100_delay10.csv,100,10,sensor1, sensor2,Crack 1,9336.868,9329.457,443,524,475,475,9323.783,44.735695,44.66389474,0.00275421,0.071800261,26.06927183,28.32257801
speed100_delay10.csv,100,10,sensor1, sensor2,Crack 1,9345.972,9359.185,677,761,719,719,9338.364,44.735428,44.66329035,0.00275421,0.072137647,26.19177013,28.36329701
speed100_delay10.csv,100,10,sensor1, sensor2,Crack 2,9357.631,9345.988,298,383,343,343,9290.968,44.926064,44.66223007,0.00275421,0.263833927,95.79294401,39.62667041
speed100_delay10.csv,100,10,sensor1, sensor2,Crack 2,9369.119,9390.35,811,896,852,852,9312.076,44.925343,44.66127274,0.00275421,0.264070263,95.8787532,39.63444756
speed100_delay10.csv,100,10,sensor1, sensor2,Crack 3,9379.529,9366.022,161,247,208,208,9249.663,45.186985,44.66058765,0.00275421,0.526397351,191.1245934,45.62633149
speed100_delay10.csv,100,10,sensor1, sensor2,Crack 3,9390.483,9426.26,943,1037,989,989,9287.644,45.178288,44.66074268,0.00275421,0.517545322,187.9105947,45.47902534
speed100_delay25.csv,100,25,sensor1, sensor2,Crack 1,9342.131,9329.218,188,239,212,212,9326.857,44.717129,44.66314797,0.001901297,0.053981031,28.39168601,29.06382367
speed100_delay25.csv,100,25,sensor1, sensor2,Crack 1,9338.482,9360.554,293,340,316,316,9340.429,44.716637,44.66363175,0.001901297,0.053005246,27.87846529,28.90537724
speed100_delay25.csv,100,25,sensor1, sensor2,Crack 2,9359.197,9343.877,130,176,152,152,9313.319,44.829536,44.6627461,0.001901297,0.1667899,87.72426834,38.86239509
speed100_delay25.csv,100,25,sensor1, sensor2,Crack 2,9364.459,9387.516,353,399,376,376,9337.865,44.829861,44.66333736,0.001901297,0.166523636,87.58422519,38.84851785
speed100_delay25.csv,100,25,sensor1, sensor2,Crack 3,9389.382,9363.447,67,120,93,93,9297.21,44.986134,44.66457186,0.001901297,0.321562145,169.1277702,44.56429846
speed100_delay25.csv,100,25,sensor1, sensor2,Crack 3,9392.437,9415.541,410,460,435,435,9329.89,44.983509,44.66146124,0.001901297,0.322047757,169.3831813,44.57740571
speed100_delay5.csv,100,5,sensor1, sensor2,Crack 1,9341.126,9334.737,898,1041,982,982,9331.018,44.726566,44.65474881,0.00415953,0.071817193,17.26569801,24.74368281
speed100_delay5.csv,100,5,sensor1, sensor2,Crack 1,9342.955,9359.937,1938,2073,2019,2019,9338.597,44.730831,44.65478505,0.00415953,0.076045952,18.28234125,25.24063622
speed100_delay5.csv,100,5,sensor1, sensor2,Crack 2,9361.14,9349.288,621,774,708,708,9294.031,44.91983,44.65066116,0.00415953,0.269168842,64.71135568,36.21960997
speed100_delay5.csv,100,5,sensor1, sensor2,Crack 2,9373.826,9387.053,2212,2354,2292,2292,9317.652,44.922333,44.6518459,0.00415953,0.270487097,65.02827964,36.26204529
speed100_delay5.csv,100,5,sensor1, sensor2,Crack 3,9386.481,9368.031,336,515,450,450,9250.021,45.188568,44.65203952,0.00415953,0.536528483,128.9877581,42.21096989
speed100_delay5.csv,100,5,sensor1, sensor2,Crack 3,9394.59,9431.906,2475,2650,2559,2559,9289.19,45.180382,44.65095022,0.00415953,0.529431779,127.2816269,42.09531436
speed100_delay50.csv,100,50,sensor1, sensor2,Crack 1,9343.224,9332.513,150,171,159,159,9330.386,44.725777,44.65615358,0.004573016,0.06962342,15.22483488,23.65105183
speed100_delay50.csv,100,50,sensor1, sensor2,Crack 1,9346.486,9360.071,262,280,272,272,9342.825,44.72123,44.65613276,0.004573016,0.065097242,14.23507732,23.06719661
speed100_delay50.csv,100,50,sensor1, sensor2,Crack 2,9361.943,9348.12,120,139,130,130,9297.857,44.898304,44.656569,0.004573016,0.241735,52.86117028,34.46273547
speed100_delay50.csv,100,50,sensor1, sensor2,Crack 2,9368.736,9391.795,290,313,301,301,9321.268,44.898777,44.65550793,0.004573016,0.243269067,53.19663084,34.51768255
speed100_delay50.csv,100,50,sensor1, sensor2,Crack 3,9380.807,9367.229,91,111,101,101,9258.035,45.152294,44.66367001,0.004573016,0.48862399,106.8493844,40.57544049
speed100_delay50.csv,100,50,sensor1, sensor2,Crack 3,9396.711,9418.829,320,340,330,330,9297.166,45.13633,44.65654051,0.004573016,0.479789486,104.9175077,40.41695931
speed40_delay10.csv,40,10,sensor1, sensor2,Crack 1,9337.83,9328.958,1188,1456,1314,1314,9322.538,44.737988,44.66112875,0.002943232,0.076859247,26.11389392,28.33743271
speed40_delay10.csv,40,10,sensor1, sensor2,Crack 1,9344.24,9355.411,1864,2122,1981,1981,9333.726,44.735744,44.66192291,0.002943232,0.073821086,25.08164065,27.98711883
speed40_delay10.csv,40,10,sensor1, sensor2,Crack 2,9357.498,9346.238,699,998,845,845,9293.322,44.929737,44.6597199,0.002943232,0.270017104,91.74170065,39.25133573
speed40_delay10.csv,40,10,sensor1, sensor2,Crack 2,9370.057,9383.357,2345,2634,2487,2487,9309.247,44.925652,44.66136179,0.002943232,0.264290205,89.79591508,39.06513161
speed40_delay10.csv,40,10,sensor1, sensor2,Crack 3,9378.588,9365.236,225,520,381,381,9249.025,45.196697,44.66049811,0.002943232,0.536198886,182.1803028,45.21002839
speed40_delay10.csv,40,10,sensor1, sensor2,Crack 3,9390.752,9416.693,2827,3126,2964,2964,9286.016,45.190865,44.66212569,0.002943232,0.528739313,179.6458191,45.08834229
speed40_delay25.csv,40,25,sensor1, sensor2,Crack 1,9336.547,9329.212,515,637,571,571,9324.215,44.730518,44.66088369,0.002942151,0.069634307,23.66782473,27.48316689
speed40_delay25.csv,40,25,sensor1, sensor2,Crack 1,9340.646,9351.902,760,881,823,823,9334.222,44.732483,44.66106054,0.002942151,0.071422461,24.275596,27.70339802
speed40_delay25.csv,40,25,sensor1, sensor2,Crack 2,9358.112,9344.28,306,437,372,372,9293.32,44.91404,44.65868227,0.002942151,0.255357728,86.7928791,38.7696819
speed40_delay25.csv,40,25,sensor1, sensor2,Crack 2,9365.729,9385.556,966,1103,1032,1032,9312.762,44.913918,44.65872874,0.002942151,0.255189255,86.73561734,38.76394948
speed40_delay25.csv,40,25,sensor1, sensor2,Crack 3,9384.743,9366.23,101,235,176,176,9254.308,45.173046,44.65666249,0.002942151,0.516383509,175.5122581,44.88614908
speed40_delay25.csv,40,25,sensor1, sensor2,Crack 3,9388.983,9422.63,1165,1313,1234,1234,9287.021,45.167225,44.66077104,0.002942151,0.506453962,172.1373302,44.71750126
speed40_delay5.csv,40,5,sensor1, sensor2,Crack 1,9341.891,9338.762,3007,3533,3294,3294,9330.553,44.730526,44.649909,0.003715342,0.080617002,21.69840519,26.7285563
speed40_delay5.csv,40,5,sensor1, sensor2,Crack 1,9349.187,9360.873,4826,5439,5150,5150,9340.16,44.726315,44.6493384,0.003715342,0.076976599,20.7185754,26.3271978
speed40_delay5.csv,40,5,sensor1, sensor2,Crack 2,9362.143,9349.654,2005,2549,2316,2316,9294.064,44.922359,44.64948742,0.003715342,0.272871584,73.44453483,37.31918969
speed40_delay5.csv,40,5,sensor1, sensor2,Crack 2,9372.854,9385.64,5845,6440,6177,6177,9312.389,44.919197,44.6484931,0.003715342,0.270703904,72.86109455,37.24991382
speed40_delay5.csv,40,5,sensor1, sensor2,Crack 3,9383.96,9369.438,1064,1668,1384,1384,9253.286,45.189629,44.65043378,0.003715342,0.539195221,145.1266622,43.23494414
speed40_delay5.csv,40,5,sensor1, sensor2,Crack 3,9392.771,9419.13,6803,7442,7114,7114,9291.331,45.179451,44.65007377,0.003715342,0.529377229,142.4841083,43.07532858
speed40_delay50.csv,40,50,sensor1, sensor2,Crack 1,9336.333,9329.256,245,305,278,278,9324.678,44.737034,44.66354736,0.005041971,0.073486636,14.57498155,23.27216028
speed40_delay50.csv,40,50,sensor1, sensor2,Crack 1,9344.422,9353.857,392,452,422,422,9334.606,44.739742,44.66411607,0.005041971,0.075625935,14.99927978,23.52140812
speed40_delay50.csv,40,50,sensor1, sensor2,Crack 2,9355.294,9342.59,142,212,173,173,9288.235,44.931347,44.66519637,0.005041971,0.266150631,52.78702042,34.45054298
speed40_delay50.csv,40,50,sensor1, sensor2,Crack 2,9365.053,9385.473,490,555,521,521,9305.149,44.934872,44.66465074,0.005041971,0.270221265,53.59437014,34.58238343
speed40_delay50.csv,40,50,sensor1, sensor2,Crack 3,9377.517,9362.01,42,108,77,77,9248.455,45.195717,44.66682449,0.005041971,0.528892507,104.897965,40.41534126
speed40_delay50.csv,40,50,sensor1, sensor2,Crack 3,9388.432,9421.295,587,655,618,618,9283.86,45.185276,44.65924636,0.005041971,0.526029641,104.3301582,40.36819732
speed50_delay10.csv,50,10,sensor1, sensor2,Crack 1,9338.03,9330.935,880,1079,990,990,9325.557,44.737118,44.66353785,0.003247906,0.073580147,22.65464031,27.10314342
speed50_delay10.csv,50,10,sensor1, sensor2,Crack 1,9346.138,9354.893,1369,1573,1458,1458,9334.356,44.736538,44.66360714,0.003247906,0.072930855,22.45472939,27.02615651
speed50_delay10.csv,50,10,sensor1, sensor2,Crack 2,9358.851,9343.223,522,726,643,643,9291.199,44.930634,44.66169273,0.003247906,0.268941266,82.804505,38.36107931
speed50_delay10.csv,50,10,sensor1, sensor2,Crack 2,9370.008,9381.425,1713,1907,1810,1810,9310.521,44.925907,44.66233801,0.003247906,0.263568985,81.15042984,38.18581649
speed50_delay10.csv,50,10,sensor1, sensor2,Crack 3,9380.787,9365.537,188,415,312,312,9248.568,45.195393,44.65979189,0.003247906,0.535601105,164.9065798,44.34475969
speed50_delay10.csv,50,10,sensor1, sensor2,Crack 3,9390.365,9411.876,2043,2252,2146,2146,9285.818,45.186188,44.66379534,0.003247906,0.522392658,160.8398223,44.12787169
speed50_delay25.csv,50,25,sensor1, sensor2,Crack 1,9339.354,9327.87,382,476,427,427,9324.09,44.730881,44.6628475,0.002561554,0.0680335,26.55945868,28.48438438
speed50_delay25.csv,50,25,sensor1, sensor2,Crack 1,9340.427,9356.316,615,708,659,659,9335.791,44.731609,44.66262229,0.002561554,0.068986707,26.93157902,28.60523634
speed50_delay25.csv,50,25,sensor1, sensor2,Crack 2,9360.187,9344.515,240,333,287,287,9295.932,44.9044,44.66058457,0.002561554,0.243815429,95.18260564,39.57115179
speed50_delay25.csv,50,25,sensor1, sensor2,Crack 2,9364.438,9384.448,755,849,802,802,9316.397,44.904465,44.6593434,0.002561554,0.245121598,95.69251833,39.61755968
speed50_delay25.csv,50,25,sensor1, sensor2,Crack 3,9385.577,9363.997,98,203,152,152,9258.974,45.148014,44.66010432,0.002561554,0.487909679,190.47406,45.59671678
speed50_delay25.csv,50,25,sensor1, sensor2,Crack 3,9391.265,9422.583,891,998,940,940,9290.551,45.145996,44.65851632,0.002561554,0.487479683,190.3061949,45.58905852
speed50_delay5.csv,50,5,sensor1, sensor2,Crack 1,9343.822,9333.874,2724,3095,2918,2918,9332.047,44.726208,44.65151204,0.003887017,0.074695965,19.21678134,25.67361297
speed50_delay5.csv,50,5,sensor1, sensor2,Crack 1,9352.189,9361.273,4049,4435,4211,4211,9338.796,44.730255,44.6516467,0.003887017,0.0786083,20.2232946,26.11703817
speed50_delay5.csv,50,5,sensor1, sensor2,Crack 2,9360.973,9348.354,2019,2421,2221,2221,9294.262,44.919167,44.6502337,0.003887017,0.268933299,69.18757139,36.80056173
speed50_delay5.csv,50,5,sensor1, sensor2,Crack 2,9374.631,9386.447,4738,5124,4937,4937,9313.382,44.921574,44.64976881,0.003887017,0.271805189,69.92641287,36.892825
speed50_delay5.csv,50,5,sensor1, sensor2,Crack 3,9386.077,9368.467,1314,1762,1569,1569,9250.706,45.186588,44.64954691,0.003887017,0.537041093,138.1627677,42.80782049
speed50_delay5.csv,50,5,sensor1, sensor2,Crack 3,9395.06,9421.228,5389,5837,5612,5612,9291.299,45.179543,44.6526147,0.003887017,0.526928299,135.5610831,42.6427006
speed50_delay50.csv,50,50,sensor1, sensor2,Crack 1,9336.698,9326.967,183,224,200,200,9320.435,44.744064,44.67105876,0.005094884,0.073005243,14.32912899,23.12439584
speed50_delay50.csv,50,50,sensor1, sensor2,Crack 1,9334.738,9352.424,304,349,323,323,9331.219,44.739067,44.67122492,0.005094884,0.067842075,13.31572652,22.48729734
speed50_delay50.csv,50,50,sensor1, sensor2,Crack 2,9356.262,9342.19,109,154,131,131,9290.408,44.932922,44.66674943,0.005094884,0.266172569,52.24311177,34.36058074
speed50_delay50.csv,50,50,sensor1, sensor2,Crack 2,9364.986,9383.391,377,422,399,399,9308.685,44.929905,44.66561573,0.005094884,0.264289275,51.87346757,34.2989056
speed50_delay50.csv,50,50,sensor1, sensor2,Crack 3,9378.321,9363.849,39,85,62,62,9250.251,45.18528,44.66341453,0.005094884,0.521865468,102.4293228,40.20848603
speed50_delay50.csv,50,50,sensor1, sensor2,Crack 3,9388.229,9410.068,447,492,469,469,9285.637,45.180141,44.66304259,0.005094884,0.517098408,101.4936666,40.12877885
speed60_delay10.csv,60,10,sensor1, sensor2,Crack 1,9337.781,9334.689,714,870,782,782,9323.269,44.735878,44.66073349,0.002992793,0.075144514,25.10848655,27.99641072
speed60_delay10.csv,60,10,sensor1, sensor2,Crack 1,9340.459,9356.862,1061,1227,1136,1136,9336.352,44.736012,44.66083262,0.002992793,0.075179384,25.12013766,28.0004403
speed60_delay10.csv,60,10,sensor1, sensor2,Crack 2,9357.397,9344.339,437,592,525,525,9292.236,44.926331,44.66094071,0.002992793,0.265390286,88.67644542,38.95616552
speed60_delay10.csv,60,10,sensor1, sensor2,Crack 2,9370.945,9381.912,1335,1482,1408,1408,9311.495,44.924404,44.66055655,0.002992793,0.263847453,88.16092921,38.90552318
speed60_delay10.csv,60,10,sensor1, sensor2,Crack 3,9379.967,9364.919,180,344,270,270,9250.185,45.189411,44.66169812,0.002992793,0.527712879,176.3278639,44.92641892
speed60_delay10.csv,60,10,sensor1, sensor2,Crack 3,9390.6,9421.822,1588,1764,1671,1671,9287.907,45.189346,44.66301589,0.002992793,0.526330115,175.8658326,44.90362945
speed60_delay25.csv,60,25,sensor1, sensor2,Crack 1,9338.799,9330.746,309,376,339,339,9323.525,44.72937,44.66093053,0.002055677,0.068439472,33.29291796,30.44703721
speed60_delay25.csv,60,25,sensor1, sensor2,Crack 1,9340.533,9357.36,497,571,533,533,9336.441,44.727112,44.66095942,0.002055677,0.066152582,32.18044238,30.1518402
speed60_delay25.csv,60,25,sensor1, sensor2,Crack 2,9360.842,9344.569,191,269,232,232,9298.481,44.891266,44.65982979,0.002055677,0.231436209,112.5839596,41.02953038
speed60_delay25.csv,60,25,sensor1, sensor2,Crack 2,9364.385,9385.079,605,681,641,641,9320.733,44.890366,44.65871359,0.002055677,0.231652406,112.6891305,41.03764056
speed60_delay25.csv,60,25,sensor1, sensor2,Crack 3,9387.805,9363.166,80,162,125,125,9265.678,45.118153,44.65960703,0.002055677,0.458545972,223.0632858,46.9685619
speed60_delay25.csv,60,25,sensor1, sensor2,Crack 3,9392.071,9416.659,713,793,752,752,9296.522,45.117718,44.66068342,0.002055677,0.457034579,222.3280567,46.93988544
speed60_delay5.csv,60,5,sensor1, sensor2,Crack 1,9341.324,9334.871,1353,1644,1511,1511,9327.532,44.72617,44.64948737,0.003831828,0.076682633,20.01202616,26.02582124
speed60_delay5.csv,60,5,sensor1, sensor2,Crack 1,9343.256,9359.869,2421,2712,2558,2558,9338.663,44.72802,44.64957581,0.003831828,0.078444188,20.47174287,26.22309636
speed60_delay5.csv,60,5,sensor1, sensor2,Crack 2,9360.137,9348.687,822,1145,995,995,9295.942,44.922173,44.64823499,0.003831828,0.273938007,71.49017151,37.08492678
speed60_delay5.csv,60,5,sensor1, sensor2,Crack 2,9375.905,9393.747,2948,3276,3115,3115,9313.613,44.918282,44.64806375,0.003831828,0.270218255,70.51941994,36.96617463
speed60_delay5.csv,60,5,sensor1, sensor2,Crack 3,9383.524,9368.365,299,618,471,471,9252.339,45.18187,44.64594881,0.003831828,0.535921189,139.8604674,42.9138995
speed60_delay5.csv,60,5,sensor1, sensor2,Crack 3,9395.396,9414.021,3466,3794,3642,3642,9288.434,45.179939,44.64766529,0.003831828,0.532273705,138.9085759,42.85458118
speed60_delay50.csv,60,50,sensor1, sensor2,Crack 1,9337.963,9335.005,154,184,171,171,9327.664,44.728405,44.66079315,0.00396297,0.067611847,17.06090276,24.64004015
speed60_delay50.csv,60,50,sensor1, sensor2,Crack 1,9344.092,9357.731,250,284,267,267,9337.565,44.73119,44.66080567,0.00396297,0.070384333,17.76050084,24.98910417
speed60_delay50.csv,60,50,sensor1, sensor2,Crack 2,9358.667,9345.888,98,133,114,114,9292.615,44.921307,44.65724287,0.00396297,0.264064128,66.63288475,36.47377231
speed60_delay50.csv,60,50,sensor1, sensor2,Crack 2,9368.97,9387.055,304,339,321,321,9314.076,44.916943,44.65749908,0.00396297,0.259443917,65.46703907,36.32045398
speed60_delay50.csv,60,50,sensor1, sensor2,Crack 3,9386.448,9367.663,40,78,61,61,9253.776,45.180344,44.65507415,0.00396297,0.525269847,132.54449,42.44723357
speed60_delay50.csv,60,50,sensor1, sensor2,Crack 3,9390.28,9414.396,357,394,375,375,9288.434,45.172062,44.65818252,0.00396297,0.513879479,129.6702901,42.25680965
speed70_delay10.csv,70,10,sensor1, sensor2,Crack 1,9337.896,9330.285,718,839,780,780,9324.413,44.737804,44.66370646,0.004242446,0.074097545,17.46576193,24.84375073
speed70_delay10.csv,70,10,sensor1, sensor2,Crack 1,9343.158,9356.946,1080,1199,1136,1136,9335.87,44.736092,44.66347635,0.004242446,0.072615651,17.1164601,24.66827904
speed70_delay10.csv,70,10,sensor1, sensor2,Crack 2,9359.302,9344.173,489,621,565,565,9291.759,44.926399,44.66128032,0.004242446,0.265118676,62.49194504,35.91648084
speed70_delay10.csv,70,10,sensor1, sensor2,Crack 2,9369.371,9382.231,1292,1416,1362,1362,9310.818,44.92767,44.66185246,0.004242446,0.26581754,62.65667628,35.93934707
speed70_delay10.csv,70,10,sensor1, sensor2,Crack 3,9381.393,9365.404,270,414,345,345,9251.229,45.187702,44.66681401,0.004242446,0.520887991,122.7801231,41.78256129
speed70_delay10.csv,70,10,sensor1, sensor2,Crack 3,9389.877,9425.174,1501,1649,1573,1573,9287.167,45.184914,44.66441421,0.004242446,0.520499793,122.6886198,41.77608561
speed70_delay25.csv,70,25,sensor1, sensor2,Crack 1,9341.167,9331.186,242,300,271,271,9324.103,44.722996,44.66248202,0.002788816,0.060513976,21.69880217,26.72871521
speed70_delay25.csv,70,25,sensor1, sensor2,Crack 1,9338.885,9355.303,405,466,437,437,9336.928,44.723606,44.66293132,0.002788816,0.060674682,21.75642713,26.75175153
speed70_delay25.csv,70,25,sensor1, sensor2,Crack 2,9361.501,9344.517,151,218,185,185,9301.73,44.874023,44.65866858,0.002788816,0.215354421,77.22072254,37.75467722
speed70_delay25.csv,70,25,sensor1, sensor2,Crack 2,9365.169,9384.521,495,559,526,526,9325.562,44.873268,44.66092836,0.002788816,0.21233964,76.13969727,37.63222291
speed70_delay25.csv,70,25,sensor1, sensor2,Crack 3,9385.855,9363.969,64,135,99,99,9273.104,45.083054,44.65795687,0.002788816,0.425097127,152.4292239,43.66136477
speed70_delay25.csv,70,25,sensor1, sensor2,Crack 3,9392.02,9419.211,582,647,613,613,9305.033,45.079475,44.65929044,0.002788816,0.420184562,150.667701,43.56040323
speed70_delay5.csv,70,5,sensor1, sensor2,Crack 1,9345.287,9338.896,1975,2226,2096,2096,9330.021,44.724209,44.6477593,0.003603265,0.076449697,21.21678149,26.53359007
speed70_delay5.csv,70,5,sensor1, sensor2,Crack 1,9345.487,9366.057,2999,3245,3126,3126,9341.191,44.725948,44.64761436,0.003603265,0.078333643,21.73962575,26.74504127
speed70_delay5.csv,70,5,sensor1, sensor2,Crack 2,9363.748,9350.588,1528,1800,1679,1679,9295.514,44.920792,44.64708092,0.003603265,0.273711078,75.96195138,37.61192225
speed70_delay5.csv,70,5,sensor1, sensor2,Crack 2,9378.086,9388.565,3430,3677,3570,3570,9315.764,44.912067,44.64550983,0.003603265,0.266557167,73.97655465,37.38188202
speed70_delay5.csv,70,5,sensor1, sensor2,Crack 3,9385.775,9372.588,1102,1394,1263,1263,9254.136,45.184551,44.64837431,0.003603265,0.536176694,148.8029941,43.4522334
speed70_delay5.csv,70,5,sensor1, sensor2,Crack 3,9394.589,9419.13,3836,4113,3976,3976,9294.099,45.176712,44.64747303,0.003603265,0.529238971,146.8775953,43.33911107
speed70_delay50.csv,70,50,sensor1, sensor2,Crack 1,9340.193,9335.67,130,155,142,142,9326.934,44.727901,44.6593311,0.004954605,0.068569904,13.83963207,22.82249089
speed70_delay50.csv,70,50,sensor1, sensor2,Crack 1,9345.088,9356.361,233,258,248,248,9340.561,44.727772,44.65924723,0.004954605,0.068524771,13.83052268,22.81677186
speed70_delay50.csv,70,50,sensor1, sensor2,Crack 2,9362.21,9348.188,84,112,98,98,9297.064,44.911068,44.65493665,0.004954605,0.256131355,51.69561997,34.26907496
speed70_delay50.csv,70,50,sensor1, sensor2,Crack 2,9370.911,9381.479,278,304,292,292,9316.33,44.910431,44.65676786,0.004954605,0.253663143,51.19745468,34.18496741
speed70_delay50.csv,70,50,sensor1, sensor2,Crack 3,9383.289,9370.041,39,69,54,54,9256.425,45.167442,44.65123364,0.004954605,0.516208358,104.1875999,40.35632067
speed70_delay50.csv,70,50,sensor1, sensor2,Crack 3,9393.479,9422.008,321,353,336,336,9291.002,45.164642,44.66113088,0.004954605,0.503511119,101.6248849,40.14000133
speed80_delay10.csv,80,10,sensor1, sensor2,Crack 1,9342.508,9333.99,1885,2009,1953,1953,9326.072,44.736931,44.66861277,0.005895638,0.068318229,11.58792727,21.28011521
speed80_delay10.csv,80,10,sensor1, sensor2,Crack 1,9340.959,9356.262,2309,2438,2374,2374,9334.989,44.733398,44.66836225,0.005895638,0.065035748,11.03116302,20.85242605
speed80_delay10.csv,80,10,sensor1, sensor2,Crack 2,9358.049,9344.139,1709,1820,1775,1775,9292.928,44.92564,44.66106095,0.005895638,0.264579055,44.87708336,33.04049247
speed80_delay10.csv,80,10,sensor1, sensor2,Crack 2,9368.365,9384.667,2509,2620,2571,2571,9310.636,44.925575,44.6611374,0.005895638,0.264437603,44.85309077,33.0358475
speed80_delay10.csv,80,10,sensor1, sensor2,Crack 3,9389.777,9364.969,1517,1644,1597,1597,9248.863,45.191917,44.65808725,0.005895638,0.533829748,90.54655559,39.13743869
speed80_delay10.csv,80,10,sensor1, sensor2,Crack 3,9391.156,9424.633,2682,2822,2750,2750,9288.155,45.18206,44.66852088,0.005895638,0.513539122,87.1049222,38.80085394
speed80_delay25.csv,80,25,sensor1, sensor2,Crack 1,9336.552,9330.401,232,283,253,253,9323.842,44.722702,44.66490484,0.002687142,0.057797155,21.50878019,26.65231563
speed80_delay25.csv,80,25,sensor1, sensor2,Crack 1,9336.565,9354.529,375,426,401,401,9336.596,44.723003,44.66456277,0.002687142,0.058440232,21.74809649,26.74842502
speed80_delay25.csv,80,25,sensor1, sensor2,Crack 2,9358.737,9342.643,152,206,179,179,9303.898,44.861473,44.66462469,0.002687142,0.196848308,73.25562942,37.29682008
speed80_delay25.csv,80,25,sensor1, sensor2,Crack 2,9364.732,9382.435,448,504,476,476,9328.479,44.862221,44.66374969,0.002687142,0.198471308,73.85961676,37.368141
speed80_delay25.csv,80,25,sensor1, sensor2,Crack 3,9385.07,9363.381,73,137,105,105,9279.988,45.052151,44.66378585,0.002687142,0.388365149,144.5271935,43.19899139
speed80_delay25.csv,80,25,sensor1, sensor2,Crack 3,9390.41,9416.563,523,584,552,552,9310.679,45.054245,44.66002964,0.002687142,0.394215362,146.7043064,43.32885725
speed80_delay5.csv,80,5,sensor1, sensor2,Crack 1,9343.223,9336.367,1261,1461,1384,1384,9330.719,44.727428,44.64970866,0.003236037,0.077719342,24.01682451,27.6103117
speed80_delay5.csv,80,5,sensor1, sensor2,Crack 1,9349.053,9363.748,2261,2494,2364,2364,9340.926,44.726719,44.64958732,0.003236037,0.077131685,23.83522664,27.54438572
speed80_delay5.csv,80,5,sensor1, sensor2,Crack 2,9360.906,9346.487,917,1109,1030,1030,9297.229,44.915833,44.65036871,0.003236037,0.26546429,82.0337525,38.27985156
speed80_delay5.csv,80,5,sensor1, sensor2,Crack 2,9374.933,9393.611,2625,2833,2736,2736,9314.406,44.918613,44.65013034,0.003236037,0.26848266,82.96648896,38.37805423
speed80_delay5.csv,80,5,sensor1, sensor2,Crack 3,9388.196,9368.166,533,757,677,677,9252.077,45.187874,44.64960726,0.003236037,0.538266736,166.335141,44.41968021
speed80_delay5.csv,80,5,sensor1, sensor2,Crack 3,9397.418,9421.701,2969,3189,3080,3080,9292.385,45.181664,44.64904157,0.003236037,0.532622433,164.5909392,44.32811847
speed80_delay50.csv,80,50,sensor1, sensor2,Crack 1,9346.954,9339.627,119,143,133,133,9329.191,44.723995,44.65503856,0.004293195,0.068956438,16.06179804,24.11588321
speed80_delay50.csv,80,50,sensor1, sensor2,Crack 1,9346.988,9360.872,212,237,222,222,9338.597,44.725597,44.65512586,0.004293195,0.070471141,16.41461299,24.30461295
speed80_delay50.csv,80,50,sensor1, sensor2,Crack 2,9360.472,9350.688,84,106,95,95,9298.317,44.904839,44.65205923,0.004293195,0.252779769,58.87916702,35.39923315
speed80_delay50.csv,80,50,sensor1, sensor2,Crack 2,9369.004,9387.324,248,273,262,262,9319.542,44.906387,44.6558657,0.004293195,0.250521304,58.35311016,35.32128017
speed80_delay50.csv,80,50,sensor1, sensor2,Crack 3,9385.575,9369.807,44,69,57,57,9259.238,45.156689,44.65906,0.004293195,0.497629,115.9110996,41.28250052
speed80_delay50.csv,80,50,sensor1, sensor2,Crack 3,9395.6,9417.678,287,312,299,299,9293.406,45.157696,44.6572288,0.004293195,0.500467196,116.5721913,41.33189921
speed90_delay10.csv,90,10,sensor1, sensor2,Crack 1,9337.198,9333.176,665,753,706,706,9323.518,44.736462,44.66417421,0.003217175,0.072287787,22.46933763,27.0318054
speed90_delay10.csv,90,10,sensor1, sensor2,Crack 1,9342.757,9356.896,913,1007,969,969,9338.979,44.732342,44.6640803,0.003217175,0.068261703,21.21790315,26.53404925
speed90_delay10.csv,90,10,sensor1, sensor2,Crack 2,9359.887,9344.089,499,598,557,557,9293.521,44.923923,44.66070725,0.003217175,0.26321575,81.81580636,38.2567443
speed90_delay10.csv,90,10,sensor1, sensor2,Crack 2,9369.689,9389.205,1068,1163,1120,1120,9313.382,44.917641,44.66053054,0.003217175,0.257110457,79.91808756,38.05290165
speed90_delay10.csv,90,10,sensor1, sensor2,Crack 3,9384.414,9366.123,340,448,404,404,9249.923,45.188858,44.6601141,0.003217175,0.528743903,164.3503808,44.31541429
speed90_delay10.csv,90,10,sensor1, sensor2,Crack 3,9390.768,9412.315,1220,1317,1272,1272,9288.352,45.182804,44.65963176,0.003217175,0.523172243,162.6185323,44.22340074
speed90_delay25.csv,90,25,sensor1, sensor2,Crack 1,9340.603,9330.847,205,252,228,228,9325.563,44.718773,44.6628165,0.003109373,0.0559565,17.99607285,25.10355485
speed90_delay25.csv,90,25,sensor1, sensor2,Crack 1,9341.281,9361.544,361,414,386,386,9338.99,44.719749,44.66300798,0.003109373,0.056741025,18.24838244,25.22448748
speed90_delay25.csv,90,25,sensor1, sensor2,Crack 2,9359.852,9344.843,135,188,160,160,9309.289,44.84956,44.66102717,0.003109373,0.188532828,60.63371548,35.65428363
speed90_delay25.csv,90,25,sensor1, sensor2,Crack 2,9364.661,9384.294,429,478,454,454,9333.443,44.845253,44.66197066,0.003109373,0.183282345,58.94511683,35.40895666
speed90_delay25.csv,90,25,sensor1, sensor2,Crack 3,9400.463,9363.515,63,121,94,94,9287.929,45.019245,44.65882789,0.003109373,0.360417105,115.9131197,41.28265189
speed90_delay25.csv,90,25,sensor1, sensor2,Crack 3,9392.04,9414.356,494,551,521,521,9320.46,45.021259,44.66504602,0.003109373,0.356212976,114.5610372,41.18073874
speed90_delay5.csv,90,5,sensor1, sensor2,Crack 1,9344.488,9337.465,1643,1811,1717,1717,9328.129,44.727062,44.65112361,0.005315226,0.075938387,14.2869526,23.09879208
speed90_delay5.csv,90,5,sensor1, sensor2,Crack 1,9353.591,9363.28,2660,2837,2746,2746,9341.758,44.726929,44.65127325,0.005315226,0.075655752,14.233778,23.06640376
speed90_delay5.csv,90,5,sensor1, sensor2,Crack 2,9361.574,9348.454,1321,1489,1421,1421,9293.24,44.92474,44.64963401,0.005315226,0.275105989,51.75809495,34.27956566
speed90_delay5.csv,90,5,sensor1, sensor2,Crack 2,9374.297,9390.281,2964,3137,3057,3057,9313.745,44.920521,44.65015494,0.005315226,0.27036606,50.86633077,34.12860822
speed90_delay5.csv,90,5,sensor1, sensor2,Crack 3,9382.584,9370.979,1008,1202,1127,1127,9251.099,45.185452,44.65808302,0.005315226,0.527368983,99.21853758,39.93185643
speed90_delay5.csv,90,5,sensor1, sensor2,Crack 3,9397.081,9418.486,3260,3450,3361,3361,9290.54,45.176479,44.65381063,0.005315226,0.522668367,98.33416963,39.8540891
speed90_delay50.csv,90,50,sensor1, sensor2,Crack 1,9345.057,9333.941,114,137,126,126,9328.693,44.720203,44.66072164,0.004125584,0.059481362,14.41768396,23.17791003
speed90_delay50.csv,90,50,sensor1, sensor2,Crack 1,9345.656,9360.738,208,228,219,219,9342.558,44.724621,44.66097562,0.004125584,0.06364538,15.42699986,23.76562951
speed90_delay50.csv,90,50,sensor1, sensor2,Crack 2,9363.549,9347.787,81,103,92,92,9298.318,44.90221,44.6534689,0.004125584,0.2487411,60.29234062,35.60524288
speed90_delay50.csv,90,50,sensor1, sensor2,Crack 2,9369.002,9392.771,238,265,251,251,9322.094,44.901634,44.654059,0.004125584,0.247575,60.00968971,35.56442762
speed90_delay50.csv,90,50,sensor1, sensor2,Crack 3,9383.861,9368.533,48,70,60,60,9258.452,45.151089,44.65584198,0.004125584,0.495247017,120.0428954,41.58672924
speed90_delay50.csv,90,50,sensor1, sensor2,Crack 3,9396.88,9422.045,274,296,284,284,9296.31,45.144054,44.6566967,0.004125584,0.487357302,118.1305079,41.44724142
speed150_delay10.csv,150,10,sensor1, sensor2,Crack 1,9423.125,9413.11,425,484,456,456,9411.604,44.848125,44.78096379,0.003072339,0.067161215,21.85996141,26.79298782
speed150_delay10.csv,150,10,sensor1, sensor2,Crack 1,9421.771,9430.787,783,842,812,812,9414.174,44.848667,44.78121304,0.003072339,0.067453956,21.95524429,26.83076547
speed150_delay10.csv,150,10,sensor1, sensor2,Crack 2,9430.107,9423.227,342,405,375,375,9367.664,45.029793,44.7783451,0.003072339,0.2514479,81.84249541,38.25957725
speed150_delay10.csv,150,10,sensor1, sensor2,Crack 2,9440.891,9455.178,862,925,892,892,9384.551,45.028923,44.77890718,0.003072339,0.250015822,81.37637571,38.20996687
speed150_delay10.csv,150,10,sensor1, sensor2,Crack 3,9445.791,9433.773,248,320,283,283,9320.074,45.275776,44.78415594,0.003072339,0.491620056,160.0149063,44.08320883
speed150_delay10.csv,150,10,sensor1, sensor2,Crack 3,9454.92,9480.481,952,1025,984,984,9352.144,45.269817,44.77954847,0.003072339,0.490268533,159.5750059,44.05929738
speed150_delay5.csv,150,5,sensor1, sensor2,Crack 1,9417.846,9414.056,789,884,845,845,9411.994,44.849628,44.77861533,0.003831215,0.071012674,18.53529039,25.35998789
speed150_delay5.csv,150,5,sensor1, sensor2,Crack 1,9421.602,9437.746,1644,1736,1690,1690,9415.035,44.848835,44.77873297,0.003831215,0.070102026,18.29759858,25.24788191
speed150_delay5.csv,150,5,sensor1, sensor2,Crack 2,9429.564,9423.498,621,728,688,688,9369.705,45.033165,44.77333194,0.003831215,0.259833062,67.820024,36.62715878
speed150_delay5.csv,150,5,sensor1, sensor2,Crack 2,9438.459,9456.813,1795,1892,1855,1855,9381.745,45.032974,44.77524583,0.003831215,0.257728169,67.27061795,36.55650834
speed150_delay5.csv,150,5,sensor1, sensor2,Crack 3,9450.232,9437.203,450,567,528,528,9315.368,45.295765,44.77563025,0.003831215,0.520134753,135.7623668,42.65558801
speed150_delay5.csv,150,5,sensor1, sensor2,Crack 3,9454.084,9485.146,1953,2060,2011,2011,9349.224,45.293926,44.77818713,0.003831215,0.515738867,134.6149797,42.5818678
speed200_delay10.csv,200,10,sensor1, sensor2,Crack 1,9420.249,9413.33,512,558,534,534,9409.175,44.8498,44.78098002,0.006846333,0.068819977,10.05209356,20.04513044
speed200_delay10.csv,200,10,sensor1, sensor2,Crack 1,9419.604,9434.215,928,977,954,954,9415.256,44.848209,44.78097887,0.006846333,0.067230131,9.819874954,19.84211915
speed200_delay10.csv,200,10,sensor1, sensor2,Crack 2,9430.143,9424.7,440,490,464,464,9369.255,45.014759,44.77740708,0.006846333,0.237351923,34.66847627,30.79869508
speed200_delay10.csv,200,10,sensor1, sensor2,Crack 2,9438.97,9456.814,998,1051,1024,1024,9387.357,45.022232,44.77657181,0.006846333,0.245660194,35.88201229,31.09753581
speed200_delay10.csv,200,10,sensor1, sensor2,Crack 3,9452.705,9433.196,361,421,394,394,9322.628,45.260616,44.77833928,0.006846333,0.482276723,70.44307418,36.95676601
speed200_delay10.csv,200,10,sensor1, sensor2,Crack 3,9457.685,9482.196,1068,1124,1094,1094,9355.4,45.257912,44.79187075,0.006846333,0.466041249,68.07166247,36.65932714
speed200_delay5.csv,200,5,sensor1, sensor2,Crack 1,9417.268,9412.872,676,749,716,716,9413.65,44.852783,44.78044209,0.006111159,0.072340914,11.83751102,21.46520792
speed200_delay5.csv,200,5,sensor1, sensor2,Crack 1,9421.838,9438.357,1432,1514,1469,1469,9415.745,44.846809,44.78034399,0.006111159,0.066465013,10.87600746,20.72938994
speed200_delay5.csv,200,5,sensor1, sensor2,Crack 2,9430.346,9422.481,545,637,593,593,9365.388,45.034973,44.77602952,0.006111159,0.258943477,42.37223585,32.54162762
speed200_delay5.csv,200,5,sensor1, sensor2,Crack 2,9438.8,9459.476,1545,1642,1592,1592,9385.305,45.030704,44.77441025,0.006111159,0.256293754,41.93864812,32.45228854
speed200_delay5.csv,200,5,sensor1, sensor2,Crack 3,9453.339,9433.807,411,494,452,452,9317.951,45.288403,44.78940242,0.006111159,0.499000577,81.65399786,38.23954906
speed200_delay5.csv,200,5,sensor1, sensor2,Crack 3,9457.838,9480.618,1682,1770,1729,1729,9351.423,45.282394,44.77943513,0.006111159,0.502958866,82.30171282,38.30817747
speed250_delay10.csv,250,10,sensor1, sensor2,Crack 1,9425.551,9414.748,486,533,508,508,9410.949,44.846054,44.78494994,0.003674596,0.061104059,16.62878488,24.4172103
speed250_delay10.csv,250,10,sensor1, sensor2,Crack 1,9422.008,9432.637,945,981,964,964,9417.133,44.845482,44.78474787,0.003674596,0.060734129,16.52811254,24.36446522
speed250_delay10.csv,250,10,sensor1, sensor2,Crack 2,9434.843,9424.633,426,472,450,450,9370.813,45.01688,44.77752532,0.003674596,0.239354679,65.13769344,36.27664752
speed250_delay10.csv,250,10,sensor1, sensor2,Crack 2,9441.044,9456.695,998,1048,1022,1022,9390.318,45.015102,44.77374744,0.003674596,0.241354556,65.68193755,36.34891911
speed250_delay10.csv,250,10,sensor1, sensor2,Crack 3,9458.002,9434.672,373,410,391,391,9326.895,45.251076,44.78839232,0.003674596,0.462683683,125.9141793,42.00149278
speed250_delay10.csv,250,10,sensor1, sensor2,Crack 3,9458.639,9479.764,1060,1105,1081,1081,9357.854,45.244335,44.78515816,0.003674596,0.459176839,124.959831,41.93540859
speed250_delay5.csv,250,5,sensor1, sensor2,Crack 1,9432.109,9414.833,638,726,684,684,9409.798,44.848026,44.7821563,0.004360615,0.065869703,15.10560056,23.58275993
speed250_delay5.csv,250,5,sensor1, sensor2,Crack 1,9424.517,9430.685,1480,1543,1513,1513,9416.794,44.846443,44.78205596,0.004360615,0.064387042,14.76558869,23.38501533
speed250_delay5.csv,250,5,sensor1, sensor2,Crack 2,9438.459,9424.648,544,632,593,593,9368.199,45.032204,44.77452783,0.004360615,0.257676171,59.09170881,35.43053098
speed250_delay5.csv,250,5,sensor1, sensor2,Crack 2,9438.494,9456.677,1569,1647,1606,1606,9387.961,45.031013,44.77590224,0.004360615,0.255110763,58.50339525,35.34362142
speed250_delay5.csv,250,5,sensor1, sensor2,Crack 3,9463.165,9435.674,446,513,474,474,9317.62,45.291969,44.78213621,0.004360615,0.50983279,116.9176435,41.35760107
speed250_delay5.csv,250,5,sensor1, sensor2,Crack 3,9458.689,9477.706,1682,1767,1723,1723,9350.022,45.286388,44.77838571,0.004360615,0.508002295,116.4978644,41.32635928
