timestamp_computer,timestamp,sensor1,sensor2,mag,width,crack_x,crack_size,serial out,response
1783535479.752,1792214.0,9411.879,44.659504,,,,,,
1783535479.753,1792239.0,9411.852,44.659576,,,,,,
1783535479.754,1792264.0,9411.858,44.659039,,,,,,
1783535479.755,1792289.0,9411.858,44.659557,,,,,,
1783535479.756,1792314.0,9411.872,44.658997,,,,,,
1783535479.757,1792339.0,9411.872,44.658997,,,,,,
1783535479.758,1792364.0,9411.933,44.658821,,,,,,
1783535479.866,1792389.0,9411.885,44.658962,,,,,,
1783535479.867,1792414.0,9411.857,44.659031,,,,,,
1783535479.868,1792439.0,9411.811,44.659176,,,,,,
1783535479.869,1792464.0,9411.863,44.659016,,,,,,
1783535479.870,1792489.0,9411.898,44.65839,,,,,,
1783535480.069,1792514.0,9411.973,44.658176,,,,,,
1783535480.071,1792539.0,9412.06,44.657925,,,,,,
1783535480.073,1792564.0,9412.108,44.657784,,,,,,
1783535480.074,1792589.0,9412.006,44.657558,,,,,,
1783535480.075,1792614.0,9411.992,44.657597,,,,,,
1783535480.076,1792639.0,9412.013,44.657013,,,,,,
1783535480.077,1792664.0,9411.972,44.656609,,,,,,
1783535480.078,1792689.0,9412.02,44.65699,,,,,,
1783535480.195,1792714.0,9412.046,44.656395,,,,,,
1783535480.196,1792739.0,9411.911,44.656784,,,,,,
1783535480.197,1792764.0,9411.952,44.657192,,,,,,
1783535480.198,1792789.0,9411.885,44.657387,,,,,,
1783535480.199,1792814.0,9411.865,44.65744,,,,,,
1783535480.384,1792839.0,9411.938,44.657753,,,,,,
1783535480.385,1792864.0,9411.938,44.658283,,,,,,
1783535480.386,1792889.0,9411.932,44.658825,,,,,,
1783535480.387,1792914.0,9411.992,44.658131,,,,,,
1783535480.388,1792939.0,9412.162,44.657639,,,,,,
1783535480.389,1792964.0,9412.061,44.65741,,,,,,
1783535480.389,1792989.0,9412.001,44.658108,,,,,,
1783535480.390,1793014.0,9412.034,44.658009,,,,,,
1783535480.499,1793039.0,9412.108,44.658318,,,,,,
1783535480.502,1793064.0,9411.98,44.658161,,,,,,
1783535480.503,1793089.0,9412.04,44.65799,,,,,,
1783535480.505,1793114.0,9412.014,44.658058,,,,,,
1783535480.700,1793139.0,9411.974,44.658695,,,,,,
1783535480.701,1793164.0,9412.021,44.658562,,,,,,
1783535480.702,1793189.0,9412.102,44.658848,,,,,,
1783535480.703,1793214.0,9411.42,44.659248,,,,,,
1783535480.704,1793239.0,9410.664,44.659336,,,,,,
1783535480.705,1793264.0,9409.909,44.659946,,,,,,
1783535480.705,1793289.0,9409.222,44.659832,,,,,,
1783535480.706,1793314.0,9408.58,44.659065,,,,,,
1783535480.820,1793339.0,9407.925,44.659386,,,,,,
1783535480.821,1793364.0,9407.312,44.658543,,,,,,
1783535480.822,1793389.0,9406.542,44.65815,,,,,,
1783535480.823,1793414.0,9405.786,44.657707,,,,,,
1783535480.824,1793439.0,9404.99,44.656864,,,,,,
1783535481.001,1793464.0,9404.048,44.656445,,,,,,
1783535481.003,1793489.0,9403.15,44.655891,,,,,,
1783535481.004,1793514.0,9402.119,44.655727,,,,,,
1783535481.005,1793539.0,9400.907,44.656086,,,,,,
1783535481.005,1793564.0,9399.573,44.656792,,,,,,
1783535481.006,1793589.0,9398.319,44.656746,,,,,,
1783535481.007,1793614.0,9396.98,44.656948,,,,,,
1783535481.115,1793639.0,9395.633,44.656647,,,,,,
1783535481.116,1793664.0,9394.191,44.657139,,,,,,
1783535481.117,1793689.0,9392.973,44.656994,,,,,,
1783535481.117,1793714.0,9391.565,44.657917,,,,,,
1783535481.118,1793739.0,9390.267,44.657997,,,,,,
1783535481.301,1793764.0,9388.852,44.658424,,,,,,
1783535481.302,1793789.0,9387.445,44.65934,,,,,,
1783535481.303,1793814.0,9385.855,44.660786,,,,,,
1783535481.304,1793839.0,9385.11,44.661369,,,,,,
1783535481.305,1793864.0,9384.289,44.663227,,,,,,
1783535481.305,1793889.0,9383.356,44.664864,,,,,,
1783535481.306,1793914.0,9382.095,44.667992,,,,,,
1783535481.428,1793939.0,9380.599,44.671791,,,,,,
1783535481.430,1793964.0,9378.895,44.675663,,,,,,
1783535481.431,1793989.0,9376.945,44.680775,,,,,,
1783535481.432,1794014.0,9374.742,44.687141,,,,,,
1783535481.433,1794039.0,9372.481,44.693676,,,,,,
1783535481.635,1794064.0,9369.869,44.702274,,,,,,
1783535481.637,1794089.0,9367.099,44.711853,,,,,,
1783535481.638,1794114.0,9363.951,44.722515,,,,,,
1783535481.639,1794139.0,9360.581,44.734875,,,,,,
1783535481.640,1794164.0,9357.027,44.748291,,,,,,
1783535481.642,1794189.0,9353.278,44.762794,,,,,,
1783535481.643,1794214.0,9349.313,44.778969,,,,,,
1783535481.644,1794239.0,9345.06,44.795975,,,,,,
1783535481.645,1794264.0,9340.755,44.814178,,,,,,
1783535481.753,1794289.0,9336.366,44.832623,,,,,,
1783535481.754,1794314.0,9331.537,44.852871,,,,,,
1783535481.755,1794339.0,9326.749,44.872993,,,,,,
1783535481.756,1794364.0,9321.75,44.894257,,,,,,
1783535481.951,1794389.0,9316.759,44.91497,,,,,,
1783535481.952,1794414.0,9311.546,44.935799,,,,,,
1783535481.952,1794439.0,9306.537,44.955513,,,,,,
1783535481.953,1794464.0,9301.318,44.975838,,,,,,
1783535481.954,1794489.0,9296.403,44.994236,,,,,,
1783535481.955,1794514.0,9291.747,45.011883,,,,,,
1783535481.956,1794539.0,9287.541,45.028233,,,,,,
1783535481.956,1794564.0,9283.639,45.043179,,,,,,
1783535482.068,1794589.0,9280.285,45.056011,,,,,,
1783535482.069,1794614.0,9277.54,45.066566,,,,,,
1783535482.070,1794639.0,9275.527,45.074478,,,,,,
1783535482.071,1794664.0,9273.945,45.080627,,,,,,
1783535482.072,1794689.0,9273.104,45.083054,,,,,,
1783535482.269,1794714.0,9272.979,45.08289,,,,,,
1783535482.271,1794739.0,9273.653,45.079899,,,,,,
1783535482.272,1794764.0,9274.946,45.074066,,,,,,
1783535482.273,1794789.0,9276.881,45.065849,,,,,,
1783535482.274,1794814.0,9279.41,45.055397,,,,,,
1783535482.275,1794839.0,9282.238,45.042511,,,,,,
1783535482.276,1794864.0,9285.535,45.02774,,,,,,
1783535482.277,1794889.0,9289.037,45.01186,,,,,,
1783535482.395,1794914.0,9292.716,44.993893,,,,,,
1783535482.396,1794939.0,9296.782,44.974796,,,,,,
1783535482.398,1794964.0,9300.94,44.954922,,,,,,
1783535482.399,1794989.0,9305.277,44.934525,,,,,,
1783535482.400,1795014.0,9309.659,44.913471,,,,,,
1783535482.584,1795039.0,9314.323,44.892654,,,,,,
1783535482.585,1795064.0,9318.829,44.871773,,,,,,
1783535482.586,1795089.0,9323.538,44.85083,,,,,,
1783535482.587,1795114.0,9328.252,44.830925,,,,,,
1783535482.588,1795139.0,9332.641,44.811428,,,,,,
1783535482.590,1795164.0,9336.994,44.792564,,,,,,
1783535482.591,1795189.0,9341.184,44.774166,,,,,,
1783535482.592,1795214.0,9345.126,44.757534,,,,,,
1783535482.710,1795239.0,9348.779,44.741737,,,,,,
1783535482.711,1795264.0,9351.94,44.727882,,,,,,
1783535482.712,1795289.0,9354.877,44.714687,,,,,,
1783535482.713,1795314.0,9357.284,44.704063,,,,,,
1783535482.713,1795339.0,9359.2,44.69434,,,,,,
1783535482.901,1795364.0,9360.546,44.68679,,,,,,
1783535482.902,1795389.0,9361.625,44.68,,,,,,
1783535482.903,1795414.0,9362.405,44.674606,,,,,,
1783535482.904,1795439.0,9362.86,44.670155,,,,,,
1783535482.905,1795464.0,9363.181,44.667133,,,,,,
1783535482.906,1795489.0,9363.428,44.664326,,,,,,
1783535482.907,1795514.0,9363.548,44.662407,,,,,,
1783535483.024,1795539.0,9363.755,44.660759,,,,,,
1783535483.025,1795564.0,9363.896,44.659832,,,,,,
1783535483.026,1795589.0,9363.969,44.658573,,,,,,
1783535483.027,1795614.0,9363.822,44.657951,,,,,,
1783535483.029,1795639.0,9363.855,44.657852,,,,,,
1783535483.234,1795664.0,9363.896,44.657738,,,,,,
1783535483.235,1795689.0,9364.21,44.657345,,,,,,
1783535483.236,1795714.0,9364.396,44.65733,,,,,,
1783535483.236,1795739.0,9364.425,44.656727,,,,,,
1783535483.237,1795764.0,9364.579,44.656803,,,,,,
1783535483.357,1795789.0,9364.544,44.656376,0.23113,65.148148,1794569.75,50.848679,,
1783535483.358,1795911.0,9364.184,44.656895,,,,,,
1783535483.359,1795936.0,9363.803,44.656948,,,,,,
1783535483.360,1795961.0,9363.347,44.657742,,,,,,
1783535483.361,1795986.0,9363.0,44.657696,,,,,,
1783535483.567,1796011.0,9362.617,44.658283,,,,,,
1783535483.568,1796036.0,9362.15,44.659107,,,,,,
1783535483.570,1796061.0,9361.869,44.659924,,,,,,
1783535483.571,1796086.0,9361.501,44.661507,,,,,,
1783535483.572,1796111.0,9361.074,44.662743,,,,,,
1783535483.573,1796136.0,9360.588,44.664669,,,,,,
1783535483.574,1796161.0,9360.18,44.666897,,,,,,
1783535483.575,1796186.0,9359.864,44.668854,,,,,,
1783535483.694,1796211.0,9359.312,44.671501,,,,,,
1783535483.695,1796236.0,9358.519,44.674847,,,,,,
1783535483.696,1796261.0,9357.396,44.679131,,,,,,
1783535483.697,1796286.0,9356.111,44.683372,,,,,,
1783535483.697,1796311.0,9354.572,44.688866,,,,,,
1783535483.900,1796336.0,9353.055,44.694294,,,,,,
1783535483.902,1796361.0,9351.265,44.699982,,,,,,
1783535483.903,1796386.0,9349.183,44.705997,,,,,,
1783535483.904,1796411.0,9346.886,44.713158,,,,,,
1783535483.905,1796436.0,9344.345,44.721031,,,,,,
1783535483.906,1796461.0,9341.804,44.729939,,,,,,
1783535483.907,1796486.0,9339.264,44.738857,,,,,,
1783535483.908,1796511.0,9336.605,44.748631,,,,,,
1783535483.909,1796536.0,9334.078,44.758556,,,,,,
1783535484.019,1796561.0,9331.385,44.768429,,,,,,
1783535484.021,1796586.0,9328.666,44.778908,,,,,,
1783535484.022,1796611.0,9325.972,44.78931,,,,,,
1783535484.023,1796636.0,9323.396,44.79937,,,,,,
1783535484.233,1796661.0,9321.042,44.808788,,,,,,
1783535484.234,1796686.0,9318.534,44.81918,,,,,,
1783535484.235,1796711.0,9316.358,44.82756,,,,,,
1783535484.236,1796736.0,9314.184,44.83646,,,,,,
1783535484.237,1796761.0,9311.863,44.844746,,,,,,
1783535484.237,1796786.0,9309.543,44.851971,,,,,,
1783535484.238,1796811.0,9307.445,44.858555,,,,,,
1783535484.239,1796836.0,9305.535,44.864067,,,,,,
1783535484.240,1796861.0,9304.023,44.868443,,,,,,
1783535484.357,1796886.0,9302.885,44.871735,,,,,,
1783535484.358,1796911.0,9302.182,44.873245,,,,,,
1783535484.359,1796936.0,9301.73,44.874023,,,,,,
1783535484.359,1796961.0,9301.791,44.873325,,,,,,
1783535484.360,1796986.0,9302.108,44.871361,,,,,,
1783535484.550,1797011.0,9302.771,44.868401,,,,,,
1783535484.551,1797036.0,9303.534,44.864101,,,,,,
1783535484.552,1797061.0,9304.68,44.8587,,,,,,
1783535484.552,1797086.0,9305.966,44.85236,,,,,,
1783535484.554,1797111.0,9307.511,44.844757,,,,,,
1783535484.555,1797136.0,9309.287,44.836483,,,,,,
1783535484.556,1797161.0,9311.369,44.826801,,,,,,
1783535484.557,1797186.0,9313.548,44.817368,,,,,,
1783535484.667,1797211.0,9315.82,44.807137,,,,,,
1783535484.668,1797236.0,9317.854,44.797073,,,,,,
1783535484.669,1797261.0,9319.742,44.787426,,,,,,
1783535484.669,1797286.0,9321.642,44.777748,,,,,,
1783535484.849,1797311.0,9323.703,44.766556,,,,,,
1783535484.850,1797336.0,9325.579,44.756947,,,,,,
1783535484.851,1797361.0,9327.508,44.747189,,,,,,
1783535484.852,1797386.0,9329.521,44.737698,,,,,,
1783535484.853,1797411.0,9331.568,44.728642,,,,,,
1783535484.853,1797436.0,9333.465,44.72002,,,,,,
1783535484.854,1797461.0,9335.275,44.712173,,,,,,
1783535484.959,1797486.0,9336.907,44.704319,,,,,,
1783535484.960,1797511.0,9338.414,44.697346,,,,,,
1783535484.960,1797536.0,9339.668,44.691097,,,,,,
1783535484.961,1797561.0,9340.837,44.685112,,,,,,
1783535484.962,1797586.0,9341.848,44.680092,,,,,,
1783535485.133,1797611.0,9342.731,44.676491,,,,,,
1783535485.134,1797636.0,9343.45,44.672844,,,,,,
1783535485.135,1797661.0,9344.083,44.669964,,,,,,
1783535485.137,1797686.0,9344.43,44.667919,,,,,,
1783535485.138,1797711.0,9344.589,44.66589,,,,,,
1783535485.138,1797736.0,9344.556,44.664413,,,,,,
1783535485.139,1797761.0,9344.517,44.66296,,,,,,
1783535485.253,1797786.0,9344.283,44.66259,,,,,,
1783535485.254,1797811.0,9344.163,44.661892,,,,,,
1783535485.255,1797836.0,9344.063,44.661133,,,,,,
1783535485.256,1797861.0,9344.083,44.660553,,,,,,
1783535485.257,1797886.0,9344.063,44.660088,,,,,,
1783535485.450,1797911.0,9344.155,44.659821,,,,,,
1783535485.451,1797936.0,9344.108,44.659958,,,,,,
1783535485.452,1797961.0,9344.136,44.659878,,,,,,
1783535485.452,1797986.0,9344.129,44.659374,,,,,,
1783535485.453,1798011.0,9344.221,44.658585,,,,,,
1783535485.454,1798036.0,9344.148,44.658798,,,,,,
1783535485.455,1798061.0,9344.154,44.658775,,,,,,
1783535485.576,1798086.0,9344.154,44.658775,,,,,,
1783535485.577,1798111.0,9344.049,44.658558,,,,,,
1783535485.769,1798136.0,9343.895,44.657955,0.1245,65.066475,1796840.625,27.390036,,
1783535485.770,1798258.0,9343.775,44.657787,,,,,,
1783535485.771,1798283.0,9343.482,44.6581,,,,,,
1783535485.772,1798308.0,9343.242,44.657749,,,,,,
1783535485.773,1798333.0,9342.843,44.657864,,,,,,
1783535485.774,1798358.0,9342.597,44.658051,,,,,,
1783535485.774,1798383.0,9342.024,44.659176,,,,,,
1783535485.883,1798408.0,9341.904,44.659,,,,,,
1783535485.884,1798433.0,9341.479,44.660229,,,,,,
1783535485.885,1798458.0,9341.167,44.661129,,,,,,
1783535485.886,1798483.0,9340.563,44.66288,,,,,,
1783535485.887,1798508.0,9340.131,44.664127,,,,,,
1783535486.084,1798533.0,9339.484,44.666515,,,,,,
1783535486.086,1798558.0,9338.959,44.668556,,,,,,
1783535486.087,1798583.0,9338.208,44.671249,,,,,,
1783535486.088,1798608.0,9337.684,44.67329,,,,,,
1783535486.089,1798633.0,9336.772,44.675922,,,,,,
1783535486.090,1798658.0,9336.141,44.677746,,,,,,
1783535486.090,1798683.0,9335.19,44.67997,,,,,,
1783535486.091,1798708.0,9334.347,44.682407,,,,,,
1783535486.205,1798733.0,9333.296,44.685966,,,,,,
1783535486.206,1798758.0,9332.552,44.688118,,,,,,
1783535486.207,1798783.0,9331.488,44.691185,,,,,,
1783535486.207,1798808.0,9330.737,44.693359,,,,,,
1783535486.208,1798833.0,9329.854,44.696442,,,,,,
1783535486.400,1798858.0,9329.289,44.699123,,,,,,
1783535486.402,1798883.0,9328.466,44.703072,,,,,,
1783535486.403,1798908.0,9328.267,44.705212,,,,,,
1783535486.404,1798933.0,9327.549,44.709381,,,,,,
1783535486.405,1798958.0,9327.235,44.71133,,,,,,
1783535486.406,1798983.0,9326.657,44.714046,,,,,,
1783535486.407,1799008.0,9326.617,44.715206,,,,,,
1783535486.408,1799033.0,9326.006,44.718544,,,,,,
1783535486.529,1799058.0,9325.926,44.719299,,,,,,
1783535486.531,1799083.0,9325.429,44.720734,,,,,,
1783535486.532,1799108.0,9325.315,44.721062,,,,,,
1783535486.533,1799133.0,9324.771,44.722633,,,,,,
1783535486.534,1799158.0,9324.633,44.722511,,,,,,
1783535486.751,1799183.0,9324.103,44.722996,,,,,,
1783535486.753,1799208.0,9324.289,44.721935,,,,,,
1783535486.754,1799233.0,9324.003,44.722237,,,,,,
1783535486.755,1799258.0,9324.309,44.720306,,,,,,
1783535486.756,1799283.0,9324.169,44.720188,,,,,,
1783535486.757,1799308.0,9324.555,44.718548,,,,,,
1783535486.758,1799333.0,9324.641,44.7183,,,,,,
1783535486.759,1799358.0,9325.312,44.715839,,,,,,
1783535486.760,1799383.0,9325.756,44.714035,,,,,,
1783535486.874,1799408.0,9326.779,44.710552,,,,,,
1783535486.876,1799433.0,9327.11,44.709076,,,,,,
1783535486.877,1799458.0,9327.881,44.706326,,,,,,
1783535486.877,1799483.0,9328.067,44.704739,,,,,,
1783535486.879,1799508.0,9328.665,44.701439,,,,,,
1783535487.065,1799533.0,9328.612,44.699501,,,,,,
1783535487.067,1799558.0,9328.977,44.695835,,,,,,
1783535487.067,1799583.0,9328.812,44.693695,,,,,,
1783535487.068,1799608.0,9329.104,44.690758,,,,,,
1783535487.069,1799633.0,9328.892,44.689278,,,,,,
1783535487.070,1799658.0,9329.322,44.685417,,,,,,
1783535487.071,1799683.0,9329.396,44.683632,,,,,,
1783535487.181,1799708.0,9330.006,44.680824,,,,,,
1783535487.182,1799733.0,9330.113,44.678944,,,,,,
1783535487.182,1799758.0,9330.695,44.67569,,,,,,
1783535487.183,1799783.0,9330.755,44.673946,,,,,,
1783535487.184,1799808.0,9331.292,44.671349,,,,,,
1783535487.384,1799833.0,9331.086,44.670376,,,,,,
1783535487.386,1799858.0,9331.286,44.667709,,,,,,
1783535487.388,1799883.0,9331.033,44.666866,,,,,,
1783535487.389,1799908.0,9331.186,44.66486,,,,,,
1783535487.390,1799933.0,9330.854,44.664768,,,,,,
1783535487.391,1799958.0,9330.979,44.662838,,,,,,
1783535487.392,1799983.0,9330.441,44.662827,,,,,,
1783535487.393,1800008.0,9330.003,44.661999,,,,,,
1783535487.514,1800033.0,9329.014,44.663288,,,,,,
1783535487.516,1800058.0,9328.82,44.662285,,,,,,
1783535487.517,1800083.0,9328.163,44.662094,,,,,,
1783535487.518,1800108.0,9328.043,44.66087,,,,,,
1783535487.520,1800133.0,9327.532,44.661297,,,,,,
1783535487.732,1800158.0,9327.592,44.66008,,,,,,
1783535487.734,1800183.0,9327.188,44.660728,,,,,,
1783535487.734,1800208.0,9327.233,44.660599,,,,,,
1783535487.735,1800233.0,9326.802,44.661324,,,,,,
1783535487.736,1800258.0,9326.854,44.660648,,,,,,
1783535487.737,1800283.0,9326.351,44.661053,,,,,,
1783535487.738,1800308.0,9326.276,44.660751,,,,,,
1783535487.739,1800333.0,9325.68,44.661953,,,,,,
1783535487.739,1800358.0,9325.726,44.661816,,,,,,
1783535487.860,1800383.0,9325.407,44.662735,,,,,,
1783535487.861,1800408.0,9325.54,44.662354,,,,,,
1783535488.033,1800433.0,9325.208,44.663311,0.040588,67.606934,1799130.375,8.929265,,
1783535488.034,1800555.0,9325.262,44.663158,,,,,,
1783535488.035,1800580.0,9325.201,44.663853,,,,,,
1783535488.036,1800605.0,9325.28,44.66415,,,,,,
1783535488.037,1800630.0,9325.188,44.66494,,,,,,
1783535488.037,1800655.0,9325.221,44.664318,,,,,,
1783535488.151,1800680.0,9325.121,44.664608,,,,,,
1783535488.153,1800705.0,9325.261,44.664207,,,,,,
1783535488.155,1800730.0,9325.314,44.664574,,,,,,
1783535488.156,1800755.0,9325.427,44.664249,,,,,,
1783535488.157,1800780.0,9325.136,44.665089,,,,,,
1783535488.333,1800805.0,9325.288,44.665173,,,,,,
1783535488.333,1800830.0,9325.136,44.666138,,,,,,
1783535488.342,1800855.0,9325.234,44.665848,,,,,,
1783535488.343,1800880.0,9324.969,44.666618,,,,,,
1783535488.345,1800905.0,9325.096,44.666252,,,,,,
1783535488.346,1800930.0,9325.009,44.665977,,,,,,
1783535488.348,1800955.0,9325.136,44.665611,,,,,,
1783535488.473,1800980.0,9324.956,44.666134,,,,,,
1783535488.474,1801005.0,9325.056,44.666367,,,,,,
1783535488.475,1801030.0,9324.949,44.666153,,,,,,
1783535488.476,1801055.0,9325.129,44.665108,,,,,,
1783535488.476,1801080.0,9325.042,44.665359,,,,,,
1783535488.477,1801105.0,9325.161,44.665016,,,,,,
1783535488.683,1801130.0,9325.095,44.665211,,,,,,
1783535488.685,1801155.0,9325.188,44.664936,,,,,,
1783535488.686,1801180.0,9325.135,44.665092,,,,,,
1783535488.687,1801205.0,9325.081,44.664722,,,,,,
1783535488.688,1801230.0,9325.108,44.66412,,,,,,
1783535488.689,1801255.0,9325.015,44.664391,,,,,,
1783535488.690,1801280.0,9325.134,44.664047,,,,,,
1783535488.691,1801305.0,9325.022,44.664368,,,,,,
1783535488.817,1801330.0,9325.035,44.664333,,,,,,
1783535488.818,1801355.0,9324.989,44.663948,,,,,,
1783535488.820,1801380.0,9325.016,44.663872,,,,,,
1783535488.821,1801405.0,9325.107,44.663078,,,,,,
1783535488.822,1801430.0,9325.056,44.663231,,,,,,
1783535489.032,1801455.0,9325.136,44.663002,,,,,,
1783535489.034,1801480.0,9325.134,44.663002,,,,,,
1783535489.035,1801505.0,9325.102,44.66362,,,,,,
1783535489.036,1801530.0,9325.121,44.66304,,,,,,
1783535489.037,1801555.0,9325.228,44.663254,,,,,,
1783535489.038,1801580.0,9325.115,44.663055,,,,,,
1783535489.039,1801605.0,9325.288,44.66256,,,,,,
1783535489.040,1801630.0,9325.222,44.66275,,,,,,
1783535489.042,1801655.0,9325.222,44.663277,,,,,,
1783535489.166,1801680.0,9325.121,44.664085,,,,,,
1783535489.167,1801705.0,9325.095,44.664165,,,,,,
1783535489.168,1801730.0,9325.067,44.663719,,,,,,
1783535489.169,1801755.0,9325.035,44.663288,,,,,,
1783535489.169,1801780.0,9325.002,44.662861,,,,,,
1783535489.349,1801805.0,9324.955,44.662994,,,,,,
1783535489.350,1801830.0,9324.975,44.663464,,,,,,
1783535489.352,1801855.0,9325.022,44.663845,,,,,,
1783535489.353,1801880.0,9325.128,44.663548,,,,,,
1783535489.353,1801905.0,9325.021,44.664375,,,,,,
1783535489.354,1801930.0,9325.294,44.664108,,,,,,
1783535489.355,1801955.0,9325.4,44.664322,,,,,,
1783535489.356,1801980.0,9325.526,44.665009,,,,,,
1783535489.499,1802005.0,9325.632,44.6647,,,,,,
1783535489.500,1802030.0,9325.938,44.664341,,,,,,
1783535489.501,1802055.0,9326.217,44.663536,,,,,,
1783535489.502,1802080.0,9326.409,44.663502,,,,,,
1783535489.504,1802105.0,9326.741,44.663063,,,,,,
1783535489.505,1802130.0,9327.192,44.662807,,,,,,
1783535489.714,1802155.0,9327.524,44.663414,,,,,,
1783535489.715,1802180.0,9327.977,44.662632,,,,,,
1783535489.716,1802205.0,9328.514,44.662125,,,,,,
1783535489.717,1802230.0,9328.807,44.662323,,,,,,
1783535489.718,1802255.0,9329.324,44.661869,,,,,,
1783535489.718,1802280.0,9329.75,44.66169,,,,,,
1783535489.719,1802305.0,9330.394,44.660877,,,,,,
1783535489.720,1802330.0,9330.853,44.660587,,,,,,
1783535489.844,1802355.0,9331.477,44.660877,,,,,,
1783535489.846,1802380.0,9332.028,44.661381,,,,,,
1783535489.848,1802405.0,9332.701,44.661003,,,,,,
1783535489.849,1802430.0,9333.286,44.660358,,,,,,
1783535489.850,1802455.0,9333.771,44.660004,,,,,,
1783535489.851,1802480.0,9334.329,44.659962,,,,,,
1783535490.049,1802505.0,9335.146,44.659691,,,,,,
1783535490.050,1802530.0,9336.031,44.659748,,,,,,
1783535490.051,1802555.0,9336.771,44.659706,,,,,,
1783535490.052,1802580.0,9337.449,44.659832,,,,,,
1783535490.053,1802605.0,9338.181,44.65929,,,,,,
1783535490.054,1802630.0,9338.885,44.659348,,,,,,
1783535490.055,1802655.0,9339.277,44.660309,,,,,,
1783535490.056,1802680.0,9339.749,44.661034,,,,,,
1783535490.189,1802705.0,9340.142,44.661995,,,,,,
1783535490.190,1802730.0,9340.383,44.663391,,,,,,
1783535490.191,1802755.0,9340.502,44.664093,,,,,,
1783535490.191,1802780.0,9340.496,44.66568,,,,,,
1783535490.192,1802805.0,9340.369,44.66814,,,,,,
1783535490.381,1802830.0,9340.157,44.670845,,,,,,
1783535490.382,1802855.0,9340.057,44.672707,,,,,,
1783535490.383,1802880.0,9339.805,44.675007,,,,,,
1783535490.384,1802905.0,9339.69,44.676903,,,,,,
1783535490.385,1802930.0,9339.624,44.679192,,,,,,
1783535490.385,1802955.0,9339.617,44.681824,,,,,,
1783535490.386,1802980.0,9339.477,44.684845,,,,,,
1783535490.387,1803005.0,9339.47,44.686962,,,,,,
1783535490.495,1803030.0,9339.43,44.690216,,,,,,
1783535490.496,1803055.0,9339.383,44.692966,,,,,,
1783535490.497,1803080.0,9339.356,44.69566,,,,,,
1783535490.498,1803105.0,9339.023,44.698715,,,,,,
1783535490.682,1803130.0,9338.551,44.701649,,,,,,
1783535490.684,1803155.0,9338.271,44.704025,,,,,,
1783535490.685,1803180.0,9337.746,44.706589,,,,,,
1783535490.687,1803205.0,9337.466,44.708447,,,,,,
1783535490.688,1803230.0,9337.007,44.711864,,,,,,
1783535490.689,1803255.0,9336.595,44.714622,,,,,,
1783535490.690,1803280.0,9336.441,44.71664,,,,,,
1783535490.691,1803305.0,9336.222,44.718842,,,,,,
1783535490.819,1803330.0,9336.222,44.720413,,,,,,
1783535490.820,1803355.0,9336.341,44.721638,,,,,,
1783535490.821,1803380.0,9336.44,44.723442,,,,,,
1783535490.822,1803405.0,9336.78,44.723515,,,,,,
1783535490.823,1803430.0,9336.928,44.723606,,,,,,
1783535491.032,1803455.0,9337.247,44.723213,,,,,,
1783535491.033,1803480.0,9337.619,44.723183,,,,,,
1783535491.034,1803505.0,9338.098,44.722328,,,,,,
1783535491.035,1803530.0,9338.358,44.722095,,,,,,
1783535491.036,1803555.0,9338.524,44.721096,,,,,,
1783535491.037,1803580.0,9338.838,44.719669,,,,,,
1783535491.038,1803605.0,9339.277,44.71735,,,,,,
1783535491.039,1803630.0,9339.736,44.715504,,,,,,
1783535491.040,1803655.0,9340.256,44.713482,,,,,,
1783535491.158,1803680.0,9340.916,44.711571,,,,,,
1783535491.159,1803705.0,9341.655,44.708916,,,,,,
1783535491.159,1803730.0,9342.461,44.706585,,,,,,
1783535491.160,1803755.0,9343.254,44.70377,,,,,,
1783535491.162,1803780.0,9343.94,44.701263,,,,,,
1783535491.381,1803805.0,9344.72,44.699013,,,,,,
1783535491.382,1803830.0,9345.48,44.696293,,,,,,
1783535491.383,1803855.0,9346.26,44.693516,,,,,,
1783535491.383,1803880.0,9347.093,44.690586,,,,,,
1783535491.384,1803905.0,9347.771,44.688099,,,,,,
1783535491.385,1803930.0,9348.598,44.685711,,,,,,
1783535491.386,1803955.0,9349.433,44.682777,,,,,,
1783535491.387,1803980.0,9350.18,44.680096,,,,,,
1783535491.388,1804005.0,9350.992,44.677223,,,,,,
1783535491.500,1804030.0,9351.553,44.675598,,,,,,
1783535491.501,1804055.0,9352.206,44.674236,,,,,,
1783535491.502,1804080.0,9352.94,44.672642,,,,,,
1783535491.502,1804105.0,9353.567,44.670822,,,,,,
1783535491.503,1804130.0,9354.388,44.669502,,,,,,
1783535491.681,1804155.0,9355.303,44.6679,,,,,,
1783535491.682,1804180.0,9355.977,44.667,,,,,,
1783535491.683,1804205.0,9356.671,44.666042,,,,,,
1783535491.684,1804230.0,9357.104,44.665836,,,,,,
1783535491.685,1804255.0,9357.739,44.665054,,,,,,
1783535491.686,1804280.0,9358.327,44.664402,,,,,,
1783535491.687,1804305.0,9359.036,44.663395,,,,,,
1783535491.801,1804330.0,9359.725,44.662979,,,,,,
1783535491.802,1804355.0,9360.401,44.662067,,,,,,
1783535491.803,1804380.0,9360.815,44.662445,,,,,,
1783535491.804,1804405.0,9361.021,44.66185,,,,,,
1783535491.805,1804430.0,9361.403,44.661266,,,,,,
1783535491.980,1804455.0,9361.658,44.661579,,,,,,
1783535491.981,1804480.0,9361.911,44.660843,,,,,,
1783535491.982,1804505.0,9362.104,44.660809,,,,,,
1783535491.983,1804530.0,9362.285,44.660812,,,,,,
1783535492.087,1804555.0,9362.438,44.660892,0.040241,70.297806,1803341.0,8.853086,,
1783535492.088,1804677.0,9362.64,44.660843,,,,,,
1783535492.088,1804702.0,9362.787,44.660938,,,,,,
1783535492.264,1804727.0,9363.107,44.660534,,,,,,
1783535492.266,1804752.0,9363.543,44.66032,,,,,,
1783535492.266,1804777.0,9364.191,44.660023,,,,,,
1783535492.267,1804802.0,9364.593,44.659901,,,,,,
1783535492.268,1804827.0,9365.107,44.659992,,,,,,
1783535492.269,1804852.0,9365.154,44.660381,,,,,,
1783535492.270,1804877.0,9365.208,44.660748,,,,,,
1783535492.383,1804902.0,9365.422,44.661175,,,,,,
1783535492.384,1804927.0,9365.55,44.66185,,,,,,
1783535492.385,1804952.0,9365.53,44.66243,,,,,,
1783535492.386,1804977.0,9365.169,44.663998,,,,,,
1783535492.386,1805002.0,9364.461,44.666569,,,,,,
1783535492.580,1805027.0,9363.704,44.669285,,,,,,
1783535492.582,1805052.0,9362.762,44.67305,,,,,,
1783535492.583,1805077.0,9361.881,44.677174,,,,,,
1783535492.583,1805102.0,9360.894,44.681591,,,,,,
1783535492.584,1805127.0,9360.032,44.686707,,,,,,
1783535492.585,1805152.0,9358.758,44.693008,,,,,,
1783535492.586,1805177.0,9357.559,44.699093,,,,,,
1783535492.587,1805202.0,9356.226,44.706608,,,,,,
1783535492.699,1805227.0,9355.093,44.714073,,,,,,
1783535492.700,1805252.0,9353.781,44.722576,,,,,,
1783535492.701,1805277.0,9352.369,44.730846,,,,,,
1783535492.702,1805302.0,9350.622,44.740612,,,,,,
1783535492.703,1805327.0,9348.971,44.749577,,,,,,
1783535492.898,1805352.0,9346.746,44.760189,,,,,,
1783535492.899,1805377.0,9344.677,44.770363,,,,,,
1783535492.901,1805402.0,9342.405,44.780594,,,,,,
1783535492.902,1805427.0,9340.274,44.790943,,,,,,
1783535492.903,1805452.0,9337.918,44.801422,,,,,,
1783535492.904,1805477.0,9335.775,44.811275,,,,,,
1783535492.905,1805502.0,9333.574,44.821301,,,,,,
1783535492.906,1805527.0,9331.604,44.830666,,,,,,
1783535493.022,1805552.0,9329.68,44.839893,,,,,,
1783535493.023,1805577.0,9328.229,44.847748,,,,,,
1783535493.024,1805602.0,9326.891,44.855282,,,,,,
1783535493.025,1805627.0,9326.093,44.860729,,,,,,
1783535493.026,1805652.0,9325.287,44.866207,,,,,,
1783535493.197,1805677.0,9324.981,44.869183,,,,,,
1783535493.199,1805702.0,9324.795,44.871815,,,,,,
1783535493.200,1805727.0,9325.142,44.872387,,,,,,
1783535493.201,1805752.0,9325.562,44.873268,,,,,,
1783535493.202,1805777.0,9326.693,44.871567,,,,,,
1783535493.203,1805802.0,9327.627,44.869915,,,,,,
1783535493.204,1805827.0,9329.073,44.866268,,,,,,
1783535493.307,1805852.0,9330.333,44.862103,,,,,,
1783535493.308,1805877.0,9332.04,44.856117,,,,,,
1783535493.308,1805902.0,9333.84,44.849869,,,,,,
1783535493.309,1805927.0,9335.833,44.842014,,,,,,
1783535493.464,1805952.0,9337.713,44.834484,,,,,,
1783535493.466,1805977.0,9340.104,44.825481,,,,,,
1783535493.467,1806002.0,9342.376,44.816292,,,,,,
1783535493.468,1806027.0,9344.876,44.805923,,,,,,
1783535493.469,1806052.0,9347.409,44.79599,,,,,,
1783535493.470,1806077.0,9350.248,44.78516,,,,,,
1783535493.580,1806102.0,9353.013,44.775078,,,,,,
1783535493.581,1806127.0,9355.985,44.764389,,,,,,
1783535493.581,1806152.0,9358.679,44.754505,,,,,,
1783535493.582,1806177.0,9361.327,44.744759,,,,,,
1783535493.583,1806202.0,9363.837,44.735939,,,,,,
1783535493.764,1806227.0,9366.367,44.727577,,,,,,
1783535493.766,1806252.0,9368.868,44.719307,,,,,,
1783535493.768,1806277.0,9371.356,44.711071,,,,,,
1783535493.769,1806302.0,9373.363,44.704224,,,,,,
1783535493.770,1806327.0,9375.204,44.697334,,,,,,
1783535493.771,1806352.0,9376.738,44.692375,,,,,,
1783535493.772,1806377.0,9378.352,44.686146,,,,,,
1783535493.772,1806402.0,9379.479,44.681847,,,,,,
1783535493.877,1806427.0,9380.771,44.677059,,,,,,
1783535493.878,1806452.0,9381.651,44.67347,,,,,,
1783535493.879,1806477.0,9382.482,44.670017,,,,,,
1783535493.880,1806502.0,9382.985,44.667519,,,,,,
1783535494.064,1806527.0,9383.541,44.664864,,,,,,
1783535494.065,1806552.0,9383.91,44.663277,,,,,,
1783535494.066,1806577.0,9384.521,44.66151,,,,,,
1783535494.067,1806602.0,9384.965,44.660751,,,,,,
1783535494.068,1806627.0,9385.555,44.659569,,,,,,
1783535494.068,1806652.0,9386.045,44.659725,,,,,,
1783535494.069,1806677.0,9386.65,44.659019,,,,,,
1783535494.191,1806702.0,9387.169,44.658569,,,,,,
1783535494.192,1806727.0,9387.882,44.658077,,,,,,
1783535494.193,1806752.0,9388.372,44.658234,,,,,,
1783535494.194,1806777.0,9388.91,44.658249,,,,,,
1783535494.195,1806802.0,9389.18,44.657993,,,,,,
1783535494.396,1806827.0,9389.575,44.657379,,,,,,
1783535494.397,1806852.0,9389.777,44.656796,,,,,,
1783535494.399,1806877.0,9389.771,44.656822,0.122774,65.668472,1805625.375,27.010174,,
1783535494.400,1806999.0,9389.428,44.65781,,,,,,
1783535494.401,1807024.0,9389.535,44.65802,,,,,,
1783535494.517,1807049.0,9389.508,44.659153,,,,,,
1783535494.519,1807074.0,9389.777,44.658897,,,,,,
1783535494.520,1807099.0,9389.858,44.660233,,,,,,
1783535494.521,1807124.0,9390.154,44.660427,,,,,,
1783535494.522,1807149.0,9390.344,44.661449,,,,,,
1783535494.730,1807174.0,9390.794,44.662243,,,,,,
1783535494.731,1807199.0,9391.204,44.66473,,,,,,
1783535494.732,1807224.0,9391.898,44.665867,,,,,,
1783535494.732,1807249.0,9392.02,44.669182,,,,,,
1783535494.733,1807274.0,9392.073,44.672169,,,,,,
1783535494.734,1807299.0,9391.55,44.67683,,,,,,
1783535494.735,1807324.0,9391.127,44.68119,,,,,,
1783535494.736,1807349.0,9390.235,44.687435,,,,,,
1783535494.852,1807374.0,9388.881,44.695023,,,,,,
1783535494.853,1807399.0,9386.671,44.704552,,,,,,
1783535494.854,1807424.0,9384.275,44.715149,,,,,,
1783535494.855,1807449.0,9381.314,44.727375,,,,,,
1783535494.856,1807474.0,9378.395,44.740532,,,,,,
1783535495.030,1807499.0,9374.798,44.755638,,,,,,
1783535495.031,1807524.0,9371.319,44.771984,,,,,,
1783535495.032,1807549.0,9367.203,44.790695,,,,,,
1783535495.033,1807574.0,9363.347,44.809181,,,,,,
1783535495.033,1807599.0,9359.095,44.829334,,,,,,
1783535495.034,1807624.0,9355.414,44.84837,,,,,,
1783535495.035,1807649.0,9351.222,44.868885,,,,,,
1783535495.137,1807674.0,9347.361,44.888432,,,,,,
1783535495.138,1807699.0,9343.062,44.909248,,,,,,
1783535495.139,1807724.0,9338.934,44.929039,,,,,,
1783535495.139,1807749.0,9334.368,44.949585,,,,,,
1783535495.347,1807774.0,9330.148,44.968594,,,,,,
1783535495.349,1807799.0,9325.819,44.98793,,,,,,
1783535495.350,1807824.0,9322.006,45.004723,,,,,,
1783535495.350,1807849.0,9318.006,45.022053,,,,,,
1783535495.351,1807874.0,9314.666,45.035904,,,,,,
1783535495.352,1807899.0,9311.516,45.04921,,,,,,
1783535495.353,1807924.0,9309.005,45.060135,,,,,,
1783535495.354,1807949.0,9306.853,45.069504,,,,,,
1783535495.354,1807974.0,9305.46,45.075626,,,,,,
1783535495.462,1807999.0,9304.573,45.079231,,,,,,
1783535495.463,1808024.0,9305.033,45.079475,,,,,,
1783535495.464,1808049.0,9305.672,45.078152,,,,,,
1783535495.465,1808074.0,9307.491,45.073418,,,,,,
1783535495.663,1808099.0,9309.565,45.066376,,,,,,
1783535495.665,1808124.0,9312.864,45.055798,,,,,,
1783535495.666,1808149.0,9316.384,45.044052,,,,,,
1783535495.668,1808174.0,9320.816,45.029148,,,,,,
1783535495.669,1808199.0,9325.01,45.013878,,,,,,
1783535495.670,1808224.0,9329.8,44.995838,,,,,,
1783535495.671,1808249.0,9334.039,44.97834,,,,,,
1783535495.672,1808274.0,9338.854,44.959187,,,,,,
1783535495.673,1808299.0,9343.428,44.939667,,,,,,
1783535495.793,1808324.0,9348.511,44.918682,,,,,,
1783535495.794,1808349.0,9353.271,44.898628,,,,,,
1783535495.795,1808374.0,9358.296,44.877811,,,,,,
1783535495.796,1808399.0,9362.974,44.858524,,,,,,
1783535495.797,1808424.0,9367.943,44.83839,,,,,,
1783535495.997,1808449.0,9372.282,44.820084,,,,,,
1783535495.998,1808474.0,9376.979,44.800735,,,,,,
1783535495.999,1808499.0,9381.331,44.784485,,,,,,
1783535496.000,1808524.0,9385.987,44.767887,,,,,,
1783535496.000,1808549.0,9390.321,44.752735,,,,,,
1783535496.001,1808574.0,9394.618,44.738224,,,,,,
1783535496.002,1808599.0,9398.354,44.725849,,,,,,
1783535496.003,1808624.0,9402.31,44.713894,,,,,,
1783535496.118,1808649.0,9405.288,44.704758,,,,,,
1783535496.119,1808674.0,9408.396,44.695255,,,,,,
1783535496.119,1808699.0,9410.579,44.688423,,,,,,
1783535496.120,1808724.0,9412.581,44.682114,,,,,,
1783535496.121,1808749.0,9413.999,44.677494,,,,,,
1783535496.330,1808774.0,9415.567,44.672432,,,,,,
1783535496.331,1808799.0,9416.398,44.66951,,,,,,
1783535496.332,1808824.0,9417.548,44.666195,,,,,,
1783535496.333,1808849.0,9418.163,44.664417,,,,,,
1783535496.334,1808874.0,9419.211,44.661388,,,,,,
1783535496.335,1808899.0,9419.576,44.660332,,,,,,
1783535496.335,1808924.0,9420.15,44.659195,,,,,,
1783535496.336,1808949.0,9420.225,44.659504,,,,,,
1783535496.458,1808974.0,9420.495,44.658726,,,,,,
1783535496.460,1808999.0,9420.55,44.658569,,,,,,
1783535496.461,1809024.0,9420.576,44.657967,,,,,,
1783535496.462,1809049.0,9419.894,44.658367,,,,,,
1783535496.463,1809074.0,9419.894,44.657845,,,,,,
1783535496.680,1809099.0,9419.408,44.658726,,,,,,
1783535496.681,1809124.0,9418.914,44.658051,,,,,,
1783535496.682,1809149.0,9417.068,44.658669,,,,,,
1783535496.683,1809174.0,9414.848,44.65984,0.234302,64.644745,1807911.125,51.546417,,
1783535496.684,1809296.0,9411.628,44.661289,,,,,,
1783535496.803,1809321.0,9408.537,44.663403,,,,,,
1783535496.804,1809346.0,9404.827,44.666264,,,,,,
1783535496.805,1809371.0,9401.556,44.668381,,,,,,
1783535496.806,1809396.0,9398.12,44.672535,,,,,,
1783535496.806,1809421.0,9394.989,44.675823,,,,,,
1783535497.029,1809446.0,9392.091,44.680531,,,,,,
1783535497.030,1809471.0,9389.48,44.686493,,,,,,
1783535497.031,1809496.0,9386.953,44.693798,,,,,,
1783535497.032,1809521.0,9385.254,44.701859,,,,,,
1783535497.033,1809546.0,9383.875,44.712143,,,,,,
1783535497.034,1809571.0,9383.773,44.723999,,,,,,
1783535497.034,1809596.0,9384.52,44.739193,,,,,,
1783535497.035,1809621.0,9386.979,44.755772,,,,,,
1783535497.036,1809646.0,9391.017,44.774647,,,,,,
1783535497.164,1809671.0,9397.204,44.795258,,,,,,
1783535497.165,1809696.0,9405.846,44.818321,,,,,,
1783535497.166,1809721.0,9417.439,44.843494,,,,,,
1783535497.167,1809746.0,9432.257,44.87056,,,,,,
1783535497.168,1809771.0,9450.945,44.898724,,,,,,
1783535497.168,1809796.0,9472.672,44.928883,,,,,,
1783535497.396,1809821.0,9498.387,44.960426,,,,,,
1783535497.397,1809846.0,9528.225,44.992474,,,,,,
1783535497.398,1809871.0,9563.167,45.025398,,,,,,
1783535497.399,1809896.0,9602.784,45.05732,,,,,,
1783535497.399,1809921.0,9647.362,45.089539,,,,,,
1783535497.400,1809946.0,9696.068,45.120831,,,,,,
1783535497.401,1809971.0,9749.165,45.151493,,,,,,
1783535497.402,1809996.0,9805.906,45.181561,,,,,,
1783535497.403,1810021.0,9866.517,45.209339,,,,,,
1783535497.528,1810046.0,9930.986,45.235401,,,,,,
1783535497.529,1810071.0,9998.63,45.259605,,,,,,
1783535497.530,1810096.0,10069.463,45.28083,,,,,,
1783535497.531,1810121.0,10143.117,45.299053,,,,,,
1783535497.532,1810146.0,10219.191,45.314949,,,,,,
1783535497.695,1810171.0,10297.65,45.326942,,,,,,
1783535497.696,1810196.0,10377.628,45.334869,,,,,,
1783535497.697,1810221.0,10459.056,45.338936,,,,,,
1783535497.697,1810246.0,10541.315,45.338749,,,,,,
1783535497.698,1810271.0,10623.834,45.335461,,,,,,
1783535497.699,1810296.0,10706.263,45.328411,,,,,,
1783535497.700,1810321.0,10787.993,45.317741,,,,,,
1783535497.804,1810346.0,10868.313,45.30386,,,,,,
1783535497.805,1810371.0,10946.978,45.287457,,,,,,
1783535497.805,1810396.0,11023.379,45.268082,,,,,,
1783535497.806,1810421.0,11097.379,45.24609,,,,,,
1783535497.979,1810446.0,11168.576,45.2215,,,,,,
1783535497.980,1810471.0,11236.665,45.196266,,,,,,
1783535497.981,1810496.0,11301.552,45.168961,,,,,,
1783535497.982,1810521.0,11363.139,45.140923,,,,,,
1783535497.983,1810546.0,11421.04,45.112686,,,,,,
1783535497.984,1810571.0,11475.453,45.084175,,,,,,
1783535497.985,1810596.0,11526.278,45.055069,,,,,,
1783535498.089,1810621.0,11573.915,45.025841,,,,,,
1783535498.090,1810646.0,11618.109,44.997753,,,,,,
1783535498.090,1810671.0,11658.796,44.970409,,,,,,
1783535498.091,1810696.0,11696.311,44.944496,,,,,,
1783535498.092,1810721.0,11730.6,44.919552,,,,,,
1783535498.263,1810746.0,11761.697,44.896595,,,,,,
1783535498.264,1810771.0,11789.639,44.874943,,,,,,
1783535498.265,1810796.0,11814.822,44.85511,,,,,,
1783535498.266,1810821.0,11837.42,44.8377,,,,,,
1783535498.266,1810846.0,11857.628,44.821602,,,,,,
1783535498.267,1810871.0,11875.505,44.807186,,,,,,
1783535498.268,1810896.0,11891.465,44.794373,,,,,,
1783535498.388,1810921.0,11905.652,44.782738,,,,,,
1783535498.389,1810946.0,11918.045,44.772926,,,,,,
1783535498.390,1810971.0,11929.18,44.763927,,,,,,
1783535498.391,1810996.0,11938.668,44.756302,,,,,,
1783535498.391,1811021.0,11947.173,44.749264,,,,,,
1783535498.563,1811046.0,11954.477,44.743427,,,,,,
1783535498.564,1811071.0,11960.762,44.738846,,,,,,
1783535498.565,1811096.0,11966.081,44.734226,,,,,,
1783535498.566,1811121.0,11970.574,44.730865,,,,,,
1783535498.566,1811146.0,11974.315,44.727982,,,,,,
1783535498.567,1811171.0,11977.399,44.724735,,,,,,
1783535498.568,1811196.0,11979.765,44.722431,,,,,,
1783535498.671,1811221.0,11981.511,44.720783,,,,,,
1783535498.672,1811246.0,11982.908,44.719582,,,,,,
1783535498.672,1811271.0,11983.751,44.718277,,,,,,
1783535498.673,1811296.0,11984.177,44.718182,,,,,,
1783535498.863,1811321.0,11984.253,44.71796,,,,,,
1783535498.864,1811346.0,11984.154,44.718246,,,,,,
1783535498.865,1811371.0,11984.067,44.718498,,,,,,
1783535498.866,1811396.0,11984.187,44.718151,,,,,,
1783535498.866,1811421.0,11984.177,44.718185,,,,,,
1783535498.867,1811446.0,11984.243,44.717987,,,,,,
1783535498.868,1811471.0,11984.232,44.718025,,,,,,
1783535498.869,1811496.0,11984.255,44.718521,,,,,,
1783535498.988,1811521.0,11984.386,44.718143,,,,,,
1783535498.990,1811546.0,11984.309,44.718369,,,,,,
1783535498.992,1811571.0,11984.352,44.718239,,,,,,
1783535498.993,1811596.0,11984.243,44.718555,,,,,,
1783535498.994,1811621.0,11984.322,44.71833,,,,,,
1783535499.212,1811646.0,11984.256,44.718517,,,,,,
1783535499.213,1811671.0,11984.342,44.718273,,,,,,
1783535499.214,1811696.0,11984.298,44.718395,,,,,,
1783535499.214,1811721.0,11984.177,44.719318,,,,,,
1783535499.215,1811746.0,11984.167,44.719341,,,,,,
1783535499.216,1811771.0,11984.091,44.719566,,,,,,
1783535499.217,1811796.0,11983.948,44.720543,,,,,,
1783535499.218,1811821.0,11984.002,44.720387,,,,,,
1783535499.218,1811846.0,11984.123,44.720604,,,,,,
1783535499.341,1811871.0,11984.068,44.720764,,,,,,
1783535499.342,1811896.0,11984.123,44.721169,,,,,,
1783535499.344,1811921.0,11984.145,44.721107,,,,,,
1783535499.345,1811946.0,11984.11,44.721207,,,,,,
1783535499.346,1811971.0,11984.056,44.721363,,,,,,
1783535499.564,1811996.0,11984.091,44.721264,,,,,,
1783535499.566,1812021.0,11984.09,44.721268,,,,,,
1783535499.567,1812046.0,11984.155,44.721077,,,,,,
1783535499.568,1812071.0,11984.155,44.721077,,,,,,
1783535499.570,1812096.0,11984.101,44.721233,,,,,,
1783535499.571,1812121.0,11983.903,44.721806,,,,,,
1783535499.572,1812146.0,11983.762,44.722214,,,,,,
1783535499.573,1812171.0,11983.796,44.722115,,,,,,
1783535499.574,1812196.0,11983.73,44.722305,,,,,,
1783535499.700,1812221.0,11983.873,44.721893,,,,,,
1783535499.701,1812246.0,11984.048,44.721386,,,,,,
1783535499.702,1812271.0,11984.059,44.721355,,,,,,
1783535499.703,1812296.0,11983.938,44.721134,,,,,,
1783535499.703,1812321.0,11983.938,44.721134,,,,,,
1783535499.931,1812346.0,11984.059,44.720787,,,,,,
1783535499.932,1812371.0,11984.091,44.720699,,,,,,
1783535499.932,1812396.0,11984.024,44.720886,,,,,,
1783535499.933,1812421.0,11984.101,44.720669,,,,,,
1783535499.934,1812446.0,11984.079,44.720734,,,,,,
1783535499.935,1812471.0,11984.024,44.72089,,,,,,
1783535499.936,1812496.0,11983.97,44.72105,,,,,,
1783535499.937,1812521.0,11983.904,44.721233,,,,,,
1783535499.937,1812546.0,11983.85,44.721397,,,,,,
1783535500.048,1812571.0,11983.927,44.721172,,,,,,
1783535500.049,1812596.0,11983.894,44.721268,,,,,,
1783535500.050,1812621.0,11983.914,44.72121,,,,,,
1783535500.051,1812646.0,11983.971,44.721046,,,,,,
1783535500.051,1812671.0,11983.872,44.721333,,,,,,
1783535500.264,1812696.0,11983.882,44.721302,,,,,,
1783535500.265,1812721.0,11983.904,44.720665,,,,,,
1783535500.266,1812746.0,11984.167,44.719906,,,,,,
1783535500.267,1812771.0,11984.221,44.719749,,,,,,
1783535500.268,1812796.0,11984.211,44.719784,,,,,,
1783535500.269,1812821.0,11984.266,44.71962,,,,,,
1783535500.270,1812846.0,11984.034,44.720295,,,,,,
1783535500.270,1812871.0,11983.958,44.720512,,,,,,
1783535500.271,1812896.0,11983.85,44.720829,,,,,,
1783535500.563,1813046.0,11984.201,44.720379,,,,,,
1783535500.564,1813071.0,11984.157,44.720509,,,,,,
1783535500.564,1813096.0,11984.135,44.720573,,,,,,
1783535500.565,1813121.0,11984.155,44.720512,,,,,,
1783535500.566,1813146.0,11984.102,44.720669,,,,,,
1783535500.567,1813171.0,11984.003,44.720951,,,,,,
1783535500.568,1813196.0,11983.98,44.721012,,,,,,
1783535500.673,1813221.0,11984.177,44.720451,,,,,,
1783535500.674,1813246.0,11984.122,44.720608,,,,,,
1783535500.675,1813271.0,11984.046,44.720829,,,,,,
1783535500.676,1813296.0,11984.112,44.720638,,,,,,
1783535500.862,1813321.0,11984.201,44.720379,,,,,,
1783535500.863,1813346.0,11984.157,44.721073,,,,,,
1783535500.864,1813371.0,11984.213,44.720909,,,,,,
1783535500.865,1813396.0,11984.246,44.720814,,,,,,
1783535500.866,1813421.0,11984.189,44.720978,,,,,,
1783535500.867,1813446.0,11984.168,44.721039,,,,,,
1783535500.867,1813471.0,11984.42,44.720314,,,,,,
1783535500.868,1813496.0,11984.528,44.719997,,,,,,
1783535500.992,1813521.0,11984.626,44.719715,,,,,,
1783535500.994,1813546.0,11984.572,44.719872,,,,,,
1783535500.995,1813571.0,11984.463,44.720188,,,,,,
1783535500.996,1813596.0,11984.354,44.720505,,,,,,
1783535500.997,1813621.0,11984.398,44.720375,,,,,,
1783535501.228,1813646.0,11984.409,44.720345,,,,,,
1783535501.230,1813671.0,11984.497,44.720089,,,,,,
1783535501.231,1813696.0,11984.497,44.720089,,,,,,
1783535501.232,1813721.0,11984.53,44.719994,,,,,,
1783535501.233,1813746.0,11984.443,44.720245,,,,,,
1783535501.234,1813771.0,11984.541,44.719963,,,,,,
1783535501.234,1813796.0,11984.726,44.719429,,,,,,
1783535501.235,1813821.0,11984.748,44.719364,,,,,,
1783535501.236,1813846.0,11984.649,44.71965,,,,,,
1783535501.353,1813871.0,11984.737,44.719395,,,,,,
1783535501.354,1813896.0,11984.814,44.718605,,,,,,
1783535501.355,1813921.0,11984.726,44.718861,,,,,,
1783535501.355,1813946.0,11984.583,44.719273,,,,,,
1783535501.356,1813971.0,11984.648,44.719086,,,,,,
1783535501.529,1813996.0,11984.703,44.718925,,,,,,
1783535501.530,1814021.0,11984.726,44.718864,,,,,,
1783535501.531,1814046.0,11984.855,44.718491,,,,,,
1783535501.531,1814071.0,11984.922,44.718296,,,,,,
1783535501.532,1814096.0,11984.813,44.718609,,,,,,
1783535501.533,1814121.0,11984.672,44.719017,,,,,,
1783535501.534,1814146.0,11984.617,44.719177,,,,,,
1783535501.636,1814171.0,11984.497,44.719524,,,,,,
1783535501.637,1814196.0,11984.672,44.719021,,,,,,
1783535501.638,1814221.0,11984.748,44.7188,,,,,,
1783535501.639,1814246.0,11984.539,44.71883,,,,,,
1783535501.847,1814271.0,11984.484,44.71899,,,,,,
1783535501.848,1814296.0,11984.485,44.718987,,,,,,
1783535501.849,1814321.0,11984.583,44.718708,,,,,,
1783535501.850,1814346.0,11984.616,44.718609,,,,,,
1783535501.851,1814371.0,11984.693,44.718384,,,,,,
1783535501.852,1814396.0,11984.627,44.718582,,,,,,
1783535501.852,1814421.0,11984.715,44.717758,,,,,,
1783535501.853,1814446.0,11984.725,44.717731,,,,,,
1783535501.854,1814471.0,11984.648,44.717949,,,,,,
