source_path,file_size,mtime_ns,record_type,event_order,window_order,window_start_x,window_end_x,manual_label
C:\Users\newsp\UCB-O365\MECHENGR-AIMRL - General\2) Projects\Project - AFRL\4) Experiments\1) Raw Data\ECLAIR-EC Demo\All runs 6-2-26\alum_2.csv,427067,1781895287301932600,window,1,1,9271.230032346906,11584.63539499352,Crack 1
C:\Users\newsp\UCB-O365\MECHENGR-AIMRL - General\2) Projects\Project - AFRL\4) Experiments\1) Raw Data\ECLAIR-EC Demo\All runs 6-2-26\alum_2.csv,427067,1781895287301932600,window,2,2,12987.251244787136,14881.69343152137,Crack 2
C:\Users\newsp\UCB-O365\MECHENGR-AIMRL - General\2) Projects\Project - AFRL\4) Experiments\1) Raw Data\ECLAIR-EC Demo\All runs 6-2-26\alum_2.csv,427067,1781895287301932600,window,3,3,16120.367169001445,18196.96725830628,Crack 3
C:\Users\newsp\UCB-O365\MECHENGR-AIMRL - General\2) Projects\Project - AFRL\4) Experiments\1) Raw Data\ECLAIR-EC Demo\All runs 6-2-26\alum_2.csv,427067,1781895287301932600,trim,1,,909931.6918610156,4742138.588057313,
C:\Users\newsp\UCB-O365\MECHENGR-AIMRL - General\2) Projects\Project - AFRL\4) Experiments\1) Raw Data\ECLAIR-EC Demo\All runs 6-2-26\alum_2.csv,427067,1781895287301932600,trim,2,,4810474.174860936,4934303.853509205,
C:\Users\newsp\UCB-O365\MECHENGR-AIMRL - General\2) Projects\Project - AFRL\4) Experiments\1) Raw Data\ECLAIR-EC Demo\All runs 6-2-26\alum_2.csv,427067,1781895287301932600,trim,3,,4811528.388908065,4982126.76969103,
C:\Users\newsp\UCB-O365\MECHENGR-AIMRL - General\2) Projects\Project - AFRL\4) Experiments\1) Raw Data\ECLAIR-EC Demo\All runs 6-2-26\alum_2.csv,427067,1781895287301932600,trim,4,,4762091.715004097,4790704.216348755,
C:\Users\newsp\UCB-O365\MECHENGR-AIMRL - General\2) Projects\Project - AFRL\4) Experiments\1) Raw Data\ECLAIR-EC Demo\All runs 6-2-26\alum_2.csv,427067,1781895287301932600,trim,5,,4810418.639365347,4972210.859100164,
C:\Users\newsp\UCB-O365\MECHENGR-AIMRL - General\2) Projects\Project - AFRL\4) Experiments\1) Raw Data\ECLAIR-EC Demo\All runs 6-2-26\alum_2.csv,427067,1781895287301932600,trim,6,,4760810.59234742,4791069.442603168,
